timestamp,noise,light,motion,overload
2025-09-04T23:45:08.519423,41.0,3041.0,88.0,1
2025-09-04T23:45:11.769744,102.0,5354.0,33.0,1
2025-09-04T23:45:11.815861,84.0,6780.0,71.0,1
2025-09-04T23:45:14.345025,89.0,3256.0,78.0,1
2025-09-04T23:45:14.408416,81.0,8971.0,21.0,1
2025-09-04T23:45:19.507381,49.0,5235.0,45.0,1
2025-09-04T23:45:19.553287,57.0,8416.0,89.0,1
2025-09-04T23:45:22.298576,112.0,6553.0,80.0,1
2025-09-04T23:45:22.711987,104.0,9378.0,95.0,1
2025-09-04T23:45:25.203067,73.0,1209.0,19.0,1
2025-09-04T23:45:25.236375,40.0,8906.0,18.0,1
2025-09-04T23:45:28.267958,42.0,3991.0,31.0,1
2025-09-04T23:45:28.309573,110.0,2039.0,40.0,1
2025-09-04T23:45:32.898760,87.0,9332.0,52.0,1
2025-09-04T23:45:32.937570,101.0,7507.0,41.0,1
2025-09-04T23:45:34.643239,69.0,5200.0,80.0,1
2025-09-04T23:45:34.786149,80.0,2139.0,12.0,1
2025-09-04T23:45:37.266842,119.0,9715.0,57.0,1
2025-09-04T23:45:37.318489,78.0,4179.0,54.0,1
2025-09-04T23:45:40.553942,45.0,3987.0,24.0,1
2025-09-04T23:45:40.595487,63.0,3547.0,64.0,1
2025-09-04T23:45:43.263997,59.0,8621.0,75.0,1
2025-09-04T23:45:43.306007,116.0,1595.0,90.0,1
2025-09-04T23:45:46.241189,97.0,4580.0,67.0,1
2025-09-04T23:45:46.288938,75.0,8291.0,55.0,1
2025-09-04T23:45:49.249602,86.0,4970.0,92.0,1
2025-09-04T23:45:49.295594,107.0,9301.0,25.0,1
2025-09-04T23:45:52.255287,48.0,7837.0,13.0,1
2025-09-04T23:45:52.294461,77.0,9893.0,33.0,1
2025-09-04T23:45:55.282242,104.0,6410.0,65.0,1
2025-09-04T23:45:55.330146,47.0,1774.0,26.0,1
2025-09-04T23:45:58.312794,46.0,8851.0,82.0,1
2025-09-04T23:45:58.382409,73.0,6136.0,24.0,1
2025-09-04T23:45:58.502153,85.0,3500.0,60.0,1
2025-09-04T23:46:00.069704,45.0,2000.0,20.0,1
2025-09-04T23:46:01.209394,83.0,1069.0,75.0,1
2025-09-04T23:46:01.240359,99.0,4499.0,63.0,1
2025-09-04T23:46:04.209355,115.0,3513.0,45.0,1
2025-09-04T23:46:04.254814,62.0,5297.0,97.0,1
2025-09-04T23:46:07.247159,79.0,8543.0,85.0,1
2025-09-04T23:46:07.288293,78.0,8160.0,74.0,1
2025-09-04T23:46:10.269913,102.0,6489.0,17.0,1
2025-09-04T23:46:10.321050,91.0,2627.0,63.0,1
2025-09-04T23:46:15.554707,87.0,5522.0,52.0,1
2025-09-04T23:46:15.724901,42.0,4991.0,70.0,1
2025-09-04T23:46:17.838966,69.0,8047.0,55.0,1
2025-09-04T23:46:17.889705,59.0,4091.0,10.0,1
2025-09-04T23:46:20.266443,119.0,9878.0,93.0,1
2025-09-04T23:46:20.311026,57.0,5779.0,96.0,1
2025-09-04T23:46:23.404606,53.0,2340.0,23.0,1
2025-09-04T23:46:23.563847,88.0,5376.0,60.0,1
2025-09-04T23:46:26.278070,98.0,6205.0,40.0,1
2025-09-04T23:46:26.312555,110.0,1876.0,91.0,1
2025-09-04T23:46:29.384775,51.0,4360.0,20.0,1
2025-09-04T23:46:29.429940,118.0,2777.0,15.0,1
2025-09-04T23:46:32.280804,111.0,3682.0,26.0,1
2025-09-04T23:46:32.350512,94.0,5053.0,61.0,1
2025-09-04T23:46:36.051208,117.0,8834.0,30.0,1
2025-09-04T23:46:36.093218,91.0,7281.0,22.0,1
2025-09-04T23:46:41.578972,103.0,8247.0,25.0,1
2025-09-04T23:46:41.636343,65.0,8780.0,88.0,1
2025-09-04T23:46:44.233015,86.0,3591.0,99.0,1
2025-09-04T23:46:44.328530,115.0,2808.0,59.0,1
2025-09-04T23:46:44.434867,42.0,6798.0,55.0,1
2025-09-04T23:46:44.731957,60.0,3295.0,94.0,1
2025-09-04T23:46:47.248104,58.0,2229.0,19.0,1
2025-09-04T23:46:47.324212,73.0,4737.0,76.0,1
2025-09-04T23:46:47.364954,93.0,7826.0,70.0,1
2025-09-04T23:46:47.399419,47.0,8879.0,67.0,1
2025-09-04T23:46:50.019387,87.0,1848.0,82.0,1
2025-09-04T23:46:50.068145,49.0,4584.0,51.0,1
2025-09-04T23:46:50.459883,89.0,7916.0,25.0,1
2025-09-04T23:46:50.525353,83.0,1275.0,84.0,1
2025-09-04T23:46:52.510616,84.0,2877.0,85.0,1
2025-09-04T23:46:52.542445,99.0,2044.0,12.0,1
2025-09-04T23:46:53.275625,57.0,2730.0,83.0,1
2025-09-04T23:46:53.319795,92.0,6559.0,15.0,1
2025-09-04T23:46:54.948865,47.0,9429.0,46.0,1
2025-09-04T23:46:54.997381,113.0,4851.0,56.0,1
2025-09-04T23:46:58.069181,42.0,6235.0,85.0,1
2025-09-04T23:46:58.124654,103.0,8069.0,80.0,1
2025-09-04T23:47:01.074364,54.0,6426.0,98.0,1
2025-09-04T23:47:01.121791,96.0,9377.0,55.0,1
2025-09-04T23:47:03.862554,70.0,8580.0,56.0,1
2025-09-04T23:47:03.939538,77.0,8879.0,33.0,1
2025-09-04T23:47:07.075828,97.0,9493.0,64.0,1
2025-09-04T23:47:07.118445,73.0,5278.0,16.0,0
2025-09-04T23:47:09.915760,118.0,7588.0,20.0,1
2025-09-04T23:47:09.960914,60.0,2038.0,71.0,1
2025-09-04T23:47:12.952809,70.0,4269.0,50.0,1
2025-09-04T23:47:13.010183,74.0,1505.0,92.0,1
2025-09-04T23:47:16.191926,72.0,8764.0,46.0,1
2025-09-04T23:47:16.246954,57.0,3094.0,28.0,1
2025-09-04T23:47:19.241158,53.0,2540.0,24.0,1
2025-09-04T23:47:19.286747,40.0,1271.0,34.0,1
2025-09-04T23:47:21.960862,69.0,4267.0,53.0,1
2025-09-04T23:47:22.004201,111.0,8699.0,85.0,1
2025-09-04T23:47:24.887628,89.0,7894.0,20.0,1
2025-09-04T23:47:25.026067,52.0,3735.0,40.0,1
2025-09-04T23:47:28.095464,98.0,3812.0,58.0,1
2025-09-04T23:47:28.127581,57.0,3889.0,51.0,1
2025-09-04T23:47:30.841883,70.0,2511.0,63.0,1
2025-09-04T23:47:30.879274,57.0,1257.0,28.0,0
2025-09-04T23:47:33.993293,93.0,9882.0,99.0,1
2025-09-04T23:47:34.054167,117.0,5097.0,11.0,1
2025-09-04T23:47:36.935805,92.0,6369.0,88.0,1
2025-09-04T23:47:36.974397,108.0,3321.0,29.0,1
2025-09-04T23:47:40.164268,84.0,2928.0,50.0,1
2025-09-04T23:47:40.444408,43.0,1600.0,66.0,1
2025-09-04T23:47:43.090218,74.0,5280.0,65.0,1
2025-09-04T23:47:43.124859,65.0,3367.0,76.0,1
2025-09-04T23:47:45.899875,108.0,1855.0,20.0,1
2025-09-04T23:47:45.934589,107.0,6383.0,65.0,1
2025-09-04T23:47:49.108936,120.0,8856.0,72.0,1
2025-09-04T23:47:49.161376,94.0,6320.0,69.0,1
2025-09-04T23:47:51.898252,73.0,9392.0,30.0,1
2025-09-04T23:47:51.930722,77.0,8190.0,32.0,1
2025-09-04T23:47:55.004657,52.0,5324.0,66.0,1
2025-09-04T23:47:55.049927,55.0,1732.0,70.0,1
2025-09-04T23:47:58.169217,88.0,1734.0,92.0,0
2025-09-04T23:47:58.221749,40.0,6847.0,70.0,1
2025-09-04T23:48:00.949907,74.0,1769.0,61.0,1
2025-09-04T23:48:01.001023,117.0,1892.0,83.0,1
2025-09-04T23:48:03.964279,53.0,9719.0,32.0,1
2025-09-04T23:48:03.995453,83.0,9448.0,79.0,1
2025-09-04T23:48:07.449758,117.0,9594.0,20.0,1
2025-09-04T23:48:07.513617,77.0,3124.0,20.0,0
2025-09-04T23:48:10.900458,116.0,3289.0,42.0,1
2025-09-04T23:48:10.988800,106.0,4412.0,37.0,1
2025-09-04T23:48:14.135949,58.0,7840.0,82.0,1
2025-09-04T23:48:14.173646,90.0,8335.0,27.0,1
2025-09-04T23:48:16.844783,67.0,9527.0,95.0,1
2025-09-04T23:48:16.890444,119.0,2989.0,52.0,1
2025-09-04T23:48:19.838068,49.0,5776.0,21.0,1
2025-09-04T23:48:19.871528,99.0,4118.0,84.0,1
2025-09-04T23:48:22.835208,57.0,8830.0,16.0,1
2025-09-04T23:48:22.876899,61.0,3712.0,82.0,0
2025-09-04T23:48:25.806808,62.0,3209.0,53.0,1
2025-09-04T23:48:25.927929,96.0,9814.0,29.0,1
2025-09-04T23:48:28.444840,96.0,9252.0,82.0,1
2025-09-04T23:48:28.496589,99.0,2921.0,28.0,1
2025-09-04T23:48:31.118142,101.0,5985.0,48.0,1
2025-09-04T23:48:31.175092,56.0,6019.0,76.0,1
2025-09-04T23:48:33.544154,44.0,1561.0,48.0,1
2025-09-04T23:48:33.602702,85.0,9090.0,41.0,1
2025-09-04T23:48:35.953357,64.0,9060.0,53.0,1
2025-09-04T23:48:35.986946,71.0,5748.0,15.0,1
2025-09-04T23:48:38.584049,120.0,5196.0,84.0,1
2025-09-04T23:48:38.620017,97.0,4576.0,20.0,1
2025-09-04T23:48:41.142661,78.0,5913.0,30.0,1
2025-09-04T23:48:41.185489,86.0,9249.0,35.0,1
2025-09-04T23:48:43.582157,104.0,9172.0,39.0,1
2025-09-04T23:48:43.624700,91.0,8171.0,70.0,1
2025-09-04T23:48:45.986413,114.0,4515.0,76.0,1
2025-09-04T23:48:46.036759,98.0,5239.0,89.0,1
2025-09-04T23:48:48.688902,75.0,4880.0,86.0,1
2025-09-04T23:48:48.737721,56.0,1947.0,96.0,0
2025-09-04T23:48:51.162998,47.0,8865.0,83.0,1
2025-09-04T23:48:51.199047,52.0,8444.0,43.0,1
2025-09-04T23:48:53.604218,91.0,6471.0,83.0,1
2025-09-04T23:48:53.662484,89.0,2216.0,67.0,0
2025-09-04T23:48:56.078541,90.0,6262.0,47.0,0
2025-09-04T23:48:56.115312,45.0,5824.0,47.0,1
2025-09-04T23:48:58.698507,101.0,9927.0,10.0,1
2025-09-04T23:48:58.748361,59.0,2937.0,55.0,0
2025-09-04T23:49:01.178060,43.0,6575.0,39.0,1
2025-09-04T23:49:01.223376,43.0,7287.0,33.0,1
2025-09-04T23:49:03.927383,117.0,8896.0,61.0,1
2025-09-04T23:49:03.961965,48.0,2168.0,92.0,1
2025-09-04T23:49:06.420882,64.0,9600.0,57.0,1
2025-09-04T23:49:06.465150,99.0,6227.0,62.0,1
2025-09-04T23:49:08.660219,62.0,6871.0,35.0,1
2025-09-04T23:49:08.845512,67.0,8825.0,44.0,1
2025-09-04T23:49:11.515223,40.0,4721.0,77.0,0
2025-09-04T23:49:11.586559,116.0,9564.0,66.0,1
2025-09-04T23:49:14.017875,80.0,1253.0,33.0,1
2025-09-04T23:49:14.063751,40.0,6830.0,32.0,0
2025-09-04T23:49:16.444636,82.0,5723.0,56.0,1
2025-09-04T23:49:16.480337,78.0,2309.0,24.0,1
2025-09-04T23:49:18.984141,77.0,3556.0,74.0,1
2025-09-04T23:49:19.030120,52.0,6163.0,80.0,1
2025-09-04T23:49:21.635509,100.0,9406.0,48.0,1
2025-09-04T23:49:21.670053,98.0,6461.0,49.0,1
2025-09-04T23:49:24.008582,52.0,8374.0,25.0,1
2025-09-04T23:49:24.057297,93.0,3256.0,98.0,1
2025-09-04T23:49:26.957724,109.0,3624.0,44.0,1
2025-09-04T23:49:27.007374,53.0,6448.0,51.0,1
2025-09-04T23:49:29.932469,76.0,5726.0,66.0,1
2025-09-04T23:49:29.990976,55.0,7578.0,30.0,1
2025-09-04T23:49:32.957314,55.0,3027.0,100.0,1
2025-09-04T23:49:32.991960,89.0,9524.0,100.0,1
2025-09-04T23:49:35.863215,115.0,3845.0,20.0,1
2025-09-04T23:49:35.897609,62.0,2249.0,45.0,1
2025-09-04T23:49:38.992476,88.0,4695.0,95.0,1
2025-09-04T23:49:39.023257,96.0,4474.0,48.0,1
2025-09-04T23:49:41.853580,60.0,8240.0,22.0,1
2025-09-04T23:49:41.887146,94.0,9610.0,59.0,1
2025-09-04T23:49:44.938423,58.0,3085.0,78.0,1
2025-09-04T23:49:45.064118,72.0,5994.0,49.0,1
2025-09-04T23:49:48.144294,112.0,4462.0,11.0,1
2025-09-04T23:49:48.183967,72.0,1764.0,47.0,1
2025-09-04T23:49:50.971430,53.0,9376.0,19.0,1
2025-09-04T23:49:51.027285,67.0,6111.0,51.0,1
2025-09-04T23:49:53.870565,71.0,5222.0,87.0,1
2025-09-04T23:49:53.915576,70.0,6954.0,99.0,1
2025-09-04T23:49:59.207571,90.0,6655.0,43.0,1
2025-09-04T23:49:59.251045,101.0,4603.0,81.0,1
2025-09-04T23:50:01.863145,98.0,8079.0,100.0,1
2025-09-04T23:50:01.957354,58.0,2947.0,64.0,1
2025-09-04T23:50:04.932126,77.0,8061.0,46.0,1
2025-09-04T23:50:04.988310,92.0,9763.0,83.0,1
2025-09-04T23:50:08.093869,108.0,3169.0,10.0,0
2025-09-04T23:50:08.137141,68.0,1770.0,85.0,1
2025-09-04T23:50:11.219594,86.0,9361.0,93.0,1
2025-09-04T23:50:11.265093,117.0,4184.0,75.0,1
2025-09-04T23:50:13.901829,41.0,9624.0,22.0,0
2025-09-04T23:50:13.947677,117.0,6669.0,90.0,1
2025-09-04T23:50:16.898419,61.0,7288.0,52.0,1
2025-09-04T23:50:16.947477,70.0,6241.0,82.0,1
2025-09-04T23:50:20.051199,96.0,4273.0,62.0,1
2025-09-04T23:50:20.095013,66.0,8731.0,56.0,1
2025-09-04T23:50:22.958059,44.0,2215.0,53.0,1
2025-09-04T23:50:22.990256,100.0,8335.0,54.0,1
2025-09-04T23:50:25.912222,44.0,7276.0,55.0,1
2025-09-04T23:50:25.949105,92.0,3287.0,89.0,1
2025-09-04T23:50:29.089906,91.0,4653.0,51.0,0
2025-09-04T23:50:29.156657,96.0,2869.0,36.0,1
2025-09-04T23:50:32.027054,47.0,2281.0,34.0,0
2025-09-04T23:50:32.062067,78.0,8409.0,98.0,1
2025-09-04T23:50:34.969178,42.0,5277.0,60.0,1
2025-09-04T23:50:35.002317,114.0,2877.0,15.0,1
2025-09-04T23:50:38.177615,106.0,7643.0,29.0,1
2025-09-04T23:50:38.219960,81.0,4176.0,40.0,1
2025-09-04T23:50:40.947374,87.0,9330.0,82.0,1
2025-09-04T23:50:41.016167,118.0,8587.0,81.0,1
2025-09-04T23:50:43.965034,75.0,7347.0,90.0,1
2025-09-04T23:50:44.010514,56.0,5535.0,95.0,1
2025-09-04T23:50:46.947184,64.0,8540.0,89.0,1
2025-09-04T23:50:46.993184,114.0,8887.0,67.0,1
2025-09-04T23:50:49.888129,46.0,4671.0,40.0,1
2025-09-04T23:50:49.946239,117.0,8725.0,88.0,0
2025-09-04T23:50:52.972247,110.0,3226.0,60.0,0
2025-09-04T23:50:53.028368,42.0,2024.0,88.0,1
2025-09-04T23:50:55.910087,91.0,7183.0,92.0,1
2025-09-04T23:50:55.944234,115.0,9735.0,61.0,1
2025-09-04T23:50:59.238560,89.0,9939.0,16.0,1
2025-09-04T23:50:59.285561,94.0,6677.0,28.0,1
2025-09-04T23:51:01.900129,70.0,3029.0,16.0,1
2025-09-04T23:51:01.970306,94.0,4449.0,54.0,1
2025-09-04T23:51:04.997141,102.0,4661.0,74.0,1
2025-09-04T23:51:05.028866,103.0,2884.0,40.0,1
2025-09-04T23:51:08.067703,49.0,6368.0,86.0,1
2025-09-04T23:51:08.111179,78.0,9304.0,35.0,1
2025-09-04T23:51:11.003883,113.0,7138.0,50.0,0
2025-09-04T23:51:11.051032,104.0,3390.0,100.0,1
2025-09-04T23:51:13.980281,62.0,4671.0,69.0,1
2025-09-04T23:51:14.036322,82.0,6376.0,86.0,1
2025-09-04T23:51:16.914267,111.0,1390.0,70.0,1
2025-09-04T23:51:16.956370,113.0,4752.0,30.0,1
2025-09-04T23:51:19.876539,72.0,8702.0,68.0,1
2025-09-04T23:51:19.924485,84.0,7139.0,51.0,1
2025-09-04T23:51:22.833008,74.0,5644.0,33.0,1
2025-09-04T23:51:22.900798,102.0,9876.0,59.0,1
2025-09-04T23:51:25.982176,91.0,1361.0,80.0,0
2025-09-04T23:51:26.029193,97.0,6177.0,52.0,1
2025-09-04T23:51:29.386209,79.0,9965.0,57.0,1
2025-09-04T23:51:29.812391,118.0,7218.0,80.0,1
2025-09-04T23:51:33.029130,59.0,8092.0,54.0,1
2025-09-04T23:51:33.070647,101.0,6226.0,86.0,1
2025-09-04T23:51:35.952553,77.0,9485.0,51.0,0
2025-09-04T23:51:35.989874,116.0,7534.0,49.0,1
2025-09-04T23:51:39.139649,109.0,6942.0,33.0,1
2025-09-04T23:51:39.172772,48.0,6198.0,60.0,0
2025-09-04T23:51:42.024298,90.0,4139.0,17.0,0
2025-09-04T23:51:42.080224,46.0,9055.0,27.0,1
2025-09-04T23:51:45.182400,57.0,3256.0,25.0,1
2025-09-04T23:51:45.227163,85.0,8456.0,78.0,1
2025-09-04T23:51:48.113300,101.0,8224.0,100.0,1
2025-09-04T23:51:48.160661,44.0,1541.0,49.0,1
2025-09-04T23:51:50.937957,47.0,7675.0,95.0,1
2025-09-04T23:51:50.986961,104.0,6516.0,56.0,1
2025-09-05T00:02:24.253619,96.0,2496.0,71.0,1
2025-09-05T00:02:24.341642,98.0,4042.0,75.0,1
2025-09-05T00:02:24.521235,58.0,9994.0,92.0,1
2025-09-05T00:02:24.655584,64.0,3907.0,64.0,1
2025-09-05T00:02:27.291042,75.0,3767.0,11.0,1
2025-09-05T00:02:27.402181,84.0,8987.0,56.0,1
2025-09-05T00:02:27.442150,90.0,2122.0,88.0,1
2025-09-05T00:02:27.555685,76.0,8889.0,10.0,1
2025-09-05T00:02:30.354197,118.0,6402.0,57.0,1
2025-09-05T00:02:30.520388,77.0,8729.0,21.0,1
2025-09-05T00:02:30.556819,82.0,9218.0,85.0,1
2025-09-05T00:02:30.614312,78.0,3525.0,88.0,1
2025-09-05T00:02:33.335105,74.0,3435.0,66.0,1
2025-09-05T00:02:33.410229,100.0,4128.0,42.0,1
2025-09-05T00:02:33.444308,112.0,2948.0,29.0,1
2025-09-05T00:02:33.558568,115.0,4094.0,11.0,1
2025-09-05T00:02:36.265937,62.0,8176.0,29.0,1
2025-09-05T00:02:36.400824,104.0,3106.0,22.0,1
2025-09-05T00:02:36.548773,84.0,1453.0,13.0,1
2025-09-05T00:02:36.591649,104.0,2525.0,99.0,1
2025-09-05T00:02:39.352664,51.0,9184.0,71.0,1
2025-09-05T00:02:39.411083,118.0,2810.0,70.0,1
2025-09-05T00:02:39.488763,94.0,9722.0,38.0,1
2025-09-05T00:02:39.535561,107.0,4819.0,83.0,1
2025-09-05T00:02:42.287288,69.0,4146.0,92.0,1
2025-09-05T00:02:42.355352,106.0,9196.0,18.0,1
2025-09-05T00:02:42.546001,86.0,6824.0,94.0,1
2025-09-05T00:02:42.593235,40.0,8850.0,30.0,1
2025-09-05T00:02:45.284020,63.0,9439.0,71.0,1
2025-09-05T00:02:45.335033,48.0,3317.0,98.0,1
2025-09-05T00:02:45.502652,94.0,5426.0,41.0,1
2025-09-05T00:02:45.552170,58.0,2739.0,68.0,1
2025-09-05T00:02:48.362894,61.0,2938.0,23.0,1
2025-09-05T00:02:48.443623,63.0,3098.0,47.0,1
2025-09-05T00:02:48.529663,115.0,2321.0,23.0,1
2025-09-05T00:02:48.570094,75.0,9896.0,65.0,1
2025-09-05T00:02:48.895366,85.0,3500.0,60.0,1
2025-09-05T00:02:49.372099,45.0,2000.0,20.0,1
2025-09-05T00:02:51.244500,48.0,6837.0,44.0,1
2025-09-05T00:02:51.311733,96.0,1051.0,96.0,1
2025-09-05T00:02:51.461037,85.0,3683.0,72.0,1
2025-09-05T00:02:51.495211,54.0,7648.0,36.0,1
2025-09-05T00:02:54.344408,100.0,9949.0,48.0,1
2025-09-05T00:02:54.398075,45.0,8148.0,61.0,1
2025-09-05T00:02:54.442098,79.0,2187.0,14.0,1
2025-09-05T00:02:54.543550,109.0,4253.0,82.0,1
2025-09-05T00:02:57.310975,50.0,4526.0,28.0,1
2025-09-05T00:02:57.482309,43.0,1083.0,30.0,1
2025-09-05T00:02:57.558517,93.0,1942.0,84.0,1
2025-09-05T00:02:57.614546,100.0,1181.0,13.0,1
2025-09-05T00:03:00.310154,62.0,8376.0,60.0,1
2025-09-05T00:03:00.421785,66.0,1871.0,19.0,0
2025-09-05T00:03:00.542399,118.0,6477.0,65.0,1
2025-09-05T00:03:00.581679,88.0,7222.0,90.0,1
2025-09-05T00:03:03.406438,67.0,9590.0,87.0,1
2025-09-05T00:03:03.495013,109.0,7694.0,64.0,1
2025-09-05T00:03:03.545496,58.0,7192.0,52.0,1
2025-09-05T00:03:03.592704,89.0,7889.0,10.0,1
2025-09-05T00:03:06.240479,66.0,9785.0,42.0,1
2025-09-05T00:03:06.799125,109.0,5473.0,23.0,1
2025-09-05T00:03:06.949771,58.0,4403.0,12.0,1
2025-09-05T00:03:07.004991,64.0,3613.0,39.0,1
2025-09-05T00:03:09.439278,42.0,2646.0,80.0,1
2025-09-05T00:03:09.510724,105.0,6700.0,96.0,1
2025-09-05T00:03:09.646981,95.0,6867.0,33.0,1
2025-09-05T00:03:09.695192,93.0,3865.0,82.0,1
2025-09-05T00:03:12.476153,88.0,2384.0,68.0,1
2025-09-05T00:03:12.575498,47.0,4154.0,27.0,1
2025-09-05T00:03:12.664907,104.0,6110.0,84.0,1
2025-09-05T00:03:12.709471,40.0,6930.0,25.0,1
2025-09-05T00:03:15.334207,41.0,3090.0,71.0,0
2025-09-05T00:03:15.369142,53.0,9207.0,73.0,1
2025-09-05T00:03:15.503608,104.0,5782.0,42.0,1
2025-09-05T00:03:15.549750,87.0,3380.0,34.0,1
2025-09-05T00:03:18.344411,111.0,3546.0,74.0,1
2025-09-05T00:03:18.526713,41.0,1717.0,17.0,1
2025-09-05T00:03:18.681988,98.0,9649.0,100.0,1
2025-09-05T00:03:18.713797,52.0,8241.0,66.0,1
2025-09-05T00:03:21.243573,120.0,8865.0,82.0,1
2025-09-05T00:03:21.277656,113.0,3323.0,38.0,1
2025-09-05T00:03:21.434982,52.0,5245.0,81.0,1
2025-09-05T00:03:21.492773,116.0,3517.0,78.0,1
2025-09-05T00:03:24.309708,85.0,6251.0,81.0,1
2025-09-05T00:03:26.213556,91.0,2018.0,30.0,1
2025-09-05T00:03:26.244858,48.0,6548.0,81.0,1
2025-09-05T00:03:26.282226,102.0,1870.0,95.0,1
2025-09-05T00:03:27.220309,113.0,8268.0,53.0,1
2025-09-05T00:03:27.266965,103.0,6481.0,36.0,0
2025-09-05T00:03:29.225270,107.0,6875.0,84.0,1
2025-09-05T00:03:29.270747,96.0,4760.0,16.0,1
2025-09-05T00:03:30.219939,95.0,5985.0,56.0,1
2025-09-05T00:03:30.265549,48.0,8599.0,46.0,1
2025-09-05T00:03:32.292806,91.0,5389.0,10.0,1
2025-09-05T00:03:32.337935,107.0,9186.0,80.0,1
2025-09-05T00:03:33.225427,89.0,6187.0,50.0,1
2025-09-05T00:03:33.283045,120.0,3528.0,50.0,1
2025-09-05T00:03:35.215847,104.0,9833.0,90.0,1
2025-09-05T00:03:35.252407,114.0,4984.0,41.0,1
2025-09-05T00:03:36.241639,74.0,9430.0,90.0,1
2025-09-05T00:03:36.309769,52.0,5974.0,43.0,1
2025-09-05T00:03:38.216395,64.0,5334.0,84.0,1
2025-09-05T00:03:38.265045,72.0,1324.0,96.0,1
2025-09-05T00:03:39.232482,105.0,3015.0,58.0,1
2025-09-05T00:03:39.270609,71.0,8775.0,35.0,1
2025-09-05T00:03:41.225707,110.0,6837.0,46.0,1
2025-09-05T00:03:41.285552,73.0,8076.0,52.0,1
2025-09-05T00:03:42.406941,41.0,6036.0,60.0,1
2025-09-05T00:03:42.450069,61.0,7981.0,27.0,1
2025-09-05T00:03:44.257244,40.0,6169.0,63.0,1
2025-09-05T00:03:44.291686,60.0,6382.0,95.0,1
2025-09-05T00:03:45.230784,113.0,1927.0,54.0,1
2025-09-05T00:03:45.272382,56.0,1052.0,31.0,1
2025-09-05T00:03:47.214390,116.0,1192.0,73.0,1
2025-09-05T00:03:47.248485,111.0,8022.0,90.0,1
2025-09-05T00:03:48.188820,120.0,7381.0,54.0,1
2025-09-05T00:03:48.255888,44.0,1769.0,27.0,1
2025-09-05T00:03:50.215304,81.0,1641.0,47.0,1
2025-09-05T00:03:50.270299,85.0,6662.0,67.0,1
2025-09-05T00:03:51.230584,77.0,8263.0,83.0,1
2025-09-05T00:03:51.278967,71.0,3551.0,36.0,1
2025-09-05T00:03:53.372534,94.0,9512.0,96.0,1
2025-09-05T00:03:53.416668,106.0,2711.0,31.0,0
2025-09-05T00:03:54.221123,61.0,8020.0,96.0,1
2025-09-05T00:03:54.266637,106.0,7082.0,78.0,1
2025-09-05T00:03:56.265135,94.0,2548.0,67.0,1
2025-09-05T00:03:56.307583,78.0,1718.0,14.0,1
2025-09-05T00:03:57.199243,64.0,4717.0,87.0,0
2025-09-05T00:03:57.245678,81.0,4805.0,53.0,1
2025-09-05T00:03:59.281775,111.0,2344.0,24.0,1
2025-09-05T00:03:59.333187,69.0,3105.0,64.0,0
2025-09-05T00:04:00.243365,49.0,3785.0,43.0,0
2025-09-05T00:04:00.285839,41.0,6868.0,96.0,1
2025-09-05T00:04:02.193344,45.0,6666.0,25.0,1
2025-09-05T00:04:02.237946,56.0,3292.0,57.0,0
2025-09-05T00:04:03.914410,95.0,1338.0,43.0,0
2025-09-05T00:04:03.963044,114.0,8666.0,34.0,1
2025-09-05T00:04:05.232488,67.0,8871.0,18.0,1
2025-09-05T00:04:05.277812,108.0,8526.0,70.0,1
2025-09-05T00:04:06.232255,58.0,3976.0,31.0,1
2025-09-05T00:04:06.266335,117.0,6041.0,33.0,1
2025-09-05T00:04:08.261156,83.0,8451.0,89.0,1
2025-09-05T00:04:08.308386,93.0,7115.0,10.0,1
2025-09-05T00:04:09.224702,115.0,9604.0,27.0,1
2025-09-05T00:04:09.276282,49.0,7816.0,15.0,0
2025-09-05T00:04:11.227939,99.0,2969.0,28.0,1
2025-09-05T00:04:11.273340,65.0,4843.0,43.0,0
2025-09-05T00:04:12.222190,55.0,4935.0,10.0,1
2025-09-05T00:04:12.255023,115.0,1983.0,10.0,1
2025-09-05T00:04:14.208347,80.0,6155.0,74.0,1
2025-09-05T00:04:14.259094,105.0,2955.0,93.0,1
2025-09-05T00:04:15.355896,107.0,6534.0,55.0,1
2025-09-05T00:04:15.401598,79.0,5725.0,19.0,1
2025-09-05T00:04:17.244389,62.0,4911.0,87.0,1
2025-09-05T00:04:17.304432,78.0,9466.0,37.0,1
2025-09-05T00:04:18.232344,65.0,1795.0,45.0,0
2025-09-05T00:04:18.291353,57.0,6758.0,41.0,1
2025-09-05T00:04:20.225658,97.0,4502.0,64.0,1
2025-09-05T00:04:20.270653,73.0,4046.0,21.0,1
2025-09-05T00:04:21.244887,85.0,3582.0,19.0,1
2025-09-05T00:04:21.340743,105.0,8566.0,58.0,1
2025-09-05T00:04:23.326611,43.0,1513.0,21.0,1
2025-09-05T00:04:23.372847,80.0,5673.0,33.0,1
2025-09-05T00:04:24.211758,87.0,5185.0,68.0,1
2025-09-05T00:04:24.256317,82.0,8130.0,21.0,1
2025-09-05T00:04:26.329311,55.0,7970.0,87.0,1
2025-09-05T00:04:26.374483,55.0,6834.0,80.0,1
2025-09-05T00:04:27.286788,111.0,3748.0,70.0,1
2025-09-05T00:04:27.331791,82.0,5526.0,33.0,1
2025-09-05T00:04:29.291669,90.0,5336.0,71.0,0
2025-09-05T00:04:29.328131,51.0,3942.0,71.0,1
2025-09-05T00:04:30.242879,45.0,5316.0,92.0,1
2025-09-05T00:04:30.336639,62.0,3656.0,49.0,0
2025-09-05T00:04:32.230074,117.0,8194.0,28.0,1
2025-09-05T00:04:32.294103,106.0,6211.0,11.0,1
2025-09-05T00:04:33.305641,84.0,3282.0,49.0,1
2025-09-05T00:04:33.365161,112.0,8994.0,71.0,1
2025-09-05T00:04:35.269565,91.0,2058.0,54.0,1
2025-09-05T00:04:35.318039,80.0,2073.0,59.0,1
2025-09-05T00:04:36.186261,67.0,9461.0,81.0,1
2025-09-05T00:04:36.234635,81.0,5876.0,70.0,1
2025-09-05T00:04:38.303103,90.0,1337.0,85.0,1
2025-09-05T00:04:38.348676,63.0,6409.0,15.0,1
2025-09-05T00:04:39.500251,73.0,5884.0,67.0,1
2025-09-05T00:04:39.534014,56.0,8205.0,43.0,1
2025-09-05T00:04:41.216934,50.0,6086.0,34.0,1
2025-09-05T00:04:41.288440,87.0,5089.0,73.0,1
2025-09-05T00:04:42.387596,94.0,4222.0,91.0,1
2025-09-05T00:04:42.432429,73.0,4414.0,43.0,1
2025-09-05T00:04:44.159599,70.0,3846.0,92.0,1
2025-09-05T00:04:44.208079,93.0,8666.0,87.0,1
2025-09-05T00:04:45.220489,99.0,3166.0,41.0,1
2025-09-05T00:04:45.273349,52.0,4179.0,61.0,1
2025-09-05T00:04:47.174302,53.0,7132.0,37.0,1
2025-09-05T00:04:47.215520,102.0,4504.0,67.0,1
2025-09-05T00:04:48.339087,72.0,5365.0,91.0,0
2025-09-05T00:04:48.387063,67.0,8699.0,51.0,0
2025-09-05T00:04:50.258811,74.0,1334.0,81.0,1
2025-09-05T00:04:50.303612,113.0,1712.0,30.0,1
2025-09-05T00:04:51.197288,42.0,3934.0,37.0,0
2025-09-05T00:04:51.240937,45.0,1689.0,10.0,1
2025-09-05T00:04:53.303645,85.0,5553.0,29.0,1
2025-09-05T00:04:53.404648,46.0,9556.0,39.0,1
2025-09-05T00:04:54.452522,116.0,7057.0,63.0,1
2025-09-05T00:04:54.517032,92.0,6144.0,16.0,1
2025-09-05T00:04:56.337892,66.0,3349.0,10.0,1
2025-09-05T00:04:56.394330,98.0,5901.0,83.0,1
2025-09-05T00:04:57.242641,98.0,8350.0,78.0,1
2025-09-05T00:04:57.276647,72.0,5368.0,73.0,1
2025-09-05T00:04:59.325143,68.0,9233.0,30.0,1
2025-09-05T00:04:59.360952,40.0,2913.0,76.0,1
2025-09-05T00:05:00.197708,60.0,4041.0,74.0,1
2025-09-05T00:05:00.245882,82.0,3779.0,98.0,0
2025-09-05T00:05:02.267719,115.0,9112.0,13.0,1
2025-09-05T00:05:02.318052,105.0,3545.0,76.0,1
2025-09-05T00:05:03.250347,61.0,1798.0,28.0,1
2025-09-05T00:05:03.293857,69.0,5696.0,59.0,0
2025-09-05T00:05:05.235468,73.0,8186.0,99.0,0
2025-09-05T00:05:05.276391,51.0,7053.0,89.0,1
2025-09-05T00:05:06.182965,115.0,8630.0,16.0,1
2025-09-05T00:05:06.231276,96.0,8326.0,18.0,1
2025-09-05T00:05:08.225416,52.0,2914.0,41.0,1
2025-09-05T00:05:08.258818,106.0,4661.0,34.0,1
2025-09-05T00:05:09.218293,78.0,8125.0,18.0,1
2025-09-05T00:05:09.251263,84.0,9649.0,39.0,1
2025-09-05T00:05:11.229606,56.0,3892.0,48.0,1
2025-09-05T00:05:11.258704,47.0,4781.0,99.0,1
2025-09-05T00:05:12.271301,108.0,9601.0,56.0,1
2025-09-05T00:05:12.319934,97.0,4871.0,95.0,1
2025-09-05T00:05:14.252977,88.0,1966.0,42.0,1
2025-09-05T00:05:14.302972,83.0,2864.0,46.0,1
2025-09-05T00:05:15.207923,109.0,3998.0,82.0,1
2025-09-05T00:05:15.262002,105.0,3415.0,79.0,1
2025-09-05T00:05:17.326391,76.0,3710.0,13.0,1
2025-09-05T00:05:17.381747,111.0,9412.0,82.0,1
2025-09-05T00:05:18.275566,88.0,4700.0,52.0,1
2025-09-05T00:05:18.317594,76.0,7830.0,93.0,1
2025-09-05T00:05:20.190398,56.0,1559.0,62.0,1
2025-09-05T00:05:20.240154,111.0,6317.0,40.0,1
2025-09-05T00:05:21.274455,49.0,8289.0,16.0,1
2025-09-05T00:05:21.321106,66.0,6741.0,30.0,1
2025-09-05T00:05:23.245312,59.0,3454.0,73.0,1
2025-09-05T00:05:23.302080,106.0,5453.0,44.0,1
2025-09-05T00:05:24.238515,81.0,6988.0,52.0,0
2025-09-05T00:05:24.281003,75.0,9630.0,67.0,1
2025-09-05T00:05:26.272380,116.0,9322.0,36.0,1
2025-09-05T00:05:26.312158,77.0,2172.0,21.0,1
2025-09-05T00:05:27.262628,97.0,9689.0,70.0,1
2025-09-05T00:05:27.338492,109.0,9519.0,74.0,1
2025-09-05T00:05:29.303095,62.0,7342.0,73.0,1
2025-09-05T00:05:29.349929,75.0,3001.0,51.0,1
2025-09-05T00:05:30.191794,115.0,7936.0,41.0,1
2025-09-05T00:05:30.231327,76.0,2369.0,57.0,1
2025-09-05T00:05:32.347276,69.0,5923.0,64.0,1
2025-09-05T00:05:32.392363,66.0,5314.0,44.0,1
2025-09-05T00:05:33.218707,91.0,9975.0,38.0,1
2025-09-05T00:05:33.254135,66.0,2172.0,83.0,1
2025-09-05T00:05:35.241434,109.0,8566.0,11.0,1
2025-09-05T00:05:35.290800,92.0,2622.0,52.0,1
2025-09-05T00:05:36.238421,75.0,2882.0,72.0,1
2025-09-05T00:05:36.287643,107.0,6617.0,21.0,0
2025-09-05T00:05:38.237426,94.0,9587.0,93.0,1
2025-09-05T00:05:38.270210,66.0,1940.0,69.0,1
2025-09-05T00:05:39.252977,89.0,7570.0,85.0,1
2025-09-05T00:05:39.309431,69.0,3174.0,35.0,1
2025-09-05T00:05:41.220585,112.0,1158.0,51.0,1
2025-09-05T00:05:41.269822,90.0,2965.0,44.0,1
2025-09-05T00:05:42.273792,83.0,5765.0,63.0,1
2025-09-05T00:05:42.411138,104.0,5619.0,26.0,1
2025-09-05T00:05:44.269243,84.0,5638.0,40.0,1
2025-09-05T00:05:44.315371,42.0,3298.0,22.0,0
2025-09-05T00:05:45.233717,47.0,6630.0,89.0,1
2025-09-05T00:05:45.276266,78.0,5545.0,83.0,1
2025-09-05T00:05:47.304438,114.0,8531.0,47.0,1
2025-09-05T00:05:47.375142,90.0,8590.0,46.0,1
2025-09-05T00:05:48.207056,75.0,1887.0,89.0,1
2025-09-05T00:05:48.255250,69.0,1177.0,76.0,1
2025-09-05T00:05:50.228585,114.0,9479.0,61.0,1
2025-09-05T00:05:50.285800,113.0,1315.0,92.0,1
2025-09-05T00:05:51.684681,102.0,6283.0,36.0,1
2025-09-05T00:05:51.731393,86.0,9912.0,69.0,1
2025-09-05T00:05:53.237714,115.0,3144.0,37.0,1
2025-09-05T00:05:53.290959,92.0,9899.0,31.0,1
2025-09-05T00:05:54.372250,46.0,1374.0,100.0,1
2025-09-05T00:05:54.419642,111.0,1508.0,59.0,1
2025-09-05T00:05:56.323397,68.0,3767.0,93.0,1
2025-09-05T00:05:56.404126,89.0,8846.0,17.0,1
2025-09-05T00:05:57.194222,104.0,8451.0,48.0,1
2025-09-05T00:05:57.239571,113.0,9448.0,10.0,1
2025-09-05T00:05:59.200747,95.0,8935.0,30.0,1
2025-09-05T00:05:59.247987,44.0,2754.0,39.0,0
2025-09-05T00:06:00.230262,53.0,5141.0,53.0,1
2025-09-05T00:06:00.253894,57.0,4129.0,61.0,1
2025-09-05T00:06:02.248548,81.0,2066.0,27.0,1
2025-09-05T00:06:02.282039,76.0,8236.0,30.0,1
2025-09-05T00:06:03.217660,105.0,6924.0,63.0,1
2025-09-05T00:06:03.264334,85.0,7676.0,51.0,1
2025-09-05T00:06:05.214572,92.0,8627.0,15.0,1
2025-09-05T00:06:05.346722,93.0,5557.0,87.0,1
2025-09-05T00:06:06.194833,104.0,6702.0,94.0,1
2025-09-05T00:06:06.240569,110.0,6412.0,70.0,1
2025-09-05T00:06:08.212661,105.0,7130.0,48.0,1
2025-09-05T00:06:08.248101,52.0,1139.0,77.0,1
2025-09-05T00:06:09.241816,116.0,6033.0,29.0,1
2025-09-05T00:06:09.285790,90.0,7267.0,30.0,1
2025-09-05T00:06:11.211126,99.0,2646.0,13.0,1
2025-09-05T00:06:11.246511,62.0,7044.0,28.0,1
2025-09-05T00:06:12.229029,113.0,5384.0,78.0,1
2025-09-05T00:06:12.266805,44.0,5145.0,41.0,1
2025-09-05T00:06:14.223498,111.0,9675.0,67.0,1
2025-09-05T00:06:14.268738,77.0,9164.0,94.0,1
2025-09-05T00:06:15.729294,43.0,1005.0,69.0,1
2025-09-05T00:06:15.768146,57.0,8886.0,11.0,0
2025-09-05T00:06:16.521663,91.0,5469.0,65.0,1
2025-09-05T00:06:16.566351,56.0,3273.0,11.0,1
2025-09-05T00:06:17.885591,112.0,4562.0,90.0,1
2025-09-05T00:06:17.933107,58.0,7485.0,73.0,1
2025-09-05T00:06:18.505190,47.0,6801.0,89.0,1
2025-09-05T00:06:18.546855,46.0,9647.0,55.0,1
2025-09-05T00:06:19.217461,77.0,3372.0,96.0,1
2025-09-05T00:06:19.430383,75.0,2030.0,78.0,1
2025-09-05T00:06:20.012222,86.0,9302.0,60.0,1
2025-09-05T00:06:20.048756,84.0,4123.0,16.0,1
2025-09-05T00:06:21.397238,102.0,7307.0,35.0,1
2025-09-05T00:06:21.429421,72.0,7740.0,66.0,1
2025-09-05T00:06:22.213134,96.0,7225.0,60.0,1
2025-09-05T00:06:22.264391,42.0,4473.0,40.0,1
2025-09-05T00:06:23.586518,91.0,4056.0,11.0,1
2025-09-05T00:06:23.639388,101.0,8285.0,40.0,1
2025-09-05T00:06:24.434795,83.0,2710.0,13.0,1
2025-09-05T00:06:24.511176,74.0,2036.0,91.0,1
2025-09-05T00:06:25.718889,76.0,8835.0,90.0,1
2025-09-05T00:06:25.784733,58.0,4061.0,49.0,1
2025-09-05T00:06:26.675872,46.0,2125.0,83.0,0
2025-09-05T00:06:26.722941,65.0,2271.0,33.0,1
2025-09-05T00:06:27.881284,62.0,8108.0,60.0,1
2025-09-05T00:06:27.926661,60.0,1792.0,42.0,0
2025-09-05T00:06:28.778582,74.0,6788.0,84.0,1
2025-09-05T00:06:28.825633,68.0,8770.0,52.0,0
2025-09-05T00:06:30.146676,108.0,3397.0,18.0,1
2025-09-05T00:06:30.205442,92.0,2156.0,17.0,1
2025-09-05T00:06:31.018259,66.0,6289.0,37.0,1
2025-09-05T00:06:31.126874,103.0,4065.0,100.0,1
2025-09-05T00:06:32.425222,87.0,4971.0,71.0,1
2025-09-05T00:06:32.476571,49.0,6243.0,19.0,0
2025-09-05T00:06:33.181258,84.0,8485.0,41.0,1
2025-09-05T00:06:33.228709,60.0,4636.0,88.0,1
2025-09-05T00:06:34.399387,44.0,1112.0,95.0,0
2025-09-05T00:06:34.447137,86.0,5373.0,30.0,1
2025-09-05T00:06:35.456347,85.0,6381.0,85.0,1
2025-09-05T00:06:35.511853,90.0,3499.0,57.0,1
2025-09-05T00:06:36.628298,58.0,4647.0,50.0,1
2025-09-05T00:06:36.676598,61.0,6662.0,64.0,1
2025-09-05T00:06:37.630889,107.0,2189.0,77.0,1
2025-09-05T00:06:37.679580,113.0,6928.0,71.0,1
2025-09-05T00:06:38.759530,41.0,6526.0,56.0,1
2025-09-05T00:06:38.809852,96.0,4684.0,44.0,1
2025-09-05T00:06:39.696163,85.0,8412.0,46.0,1
2025-09-05T00:06:39.842431,71.0,6420.0,37.0,0
2025-09-05T00:06:41.263690,60.0,3328.0,60.0,0
2025-09-05T00:06:41.322945,86.0,5343.0,91.0,1
2025-09-05T00:06:42.258619,91.0,9106.0,41.0,1
2025-09-05T00:06:42.321494,84.0,7878.0,17.0,1
2025-09-05T00:06:44.226134,99.0,2487.0,92.0,1
2025-09-05T00:06:44.272003,62.0,2910.0,59.0,1
2025-09-05T00:06:45.228623,86.0,6042.0,14.0,1
2025-09-05T00:06:45.263299,103.0,8503.0,29.0,1
2025-09-05T00:06:47.235130,107.0,4198.0,86.0,1
2025-09-05T00:06:47.274246,80.0,2547.0,40.0,1
2025-09-05T00:06:48.203650,112.0,7428.0,79.0,1
2025-09-05T00:06:48.264715,88.0,3661.0,58.0,1
2025-09-05T00:06:50.216722,58.0,3988.0,89.0,1
2025-09-05T00:06:50.253193,119.0,2576.0,41.0,1
2025-09-05T00:06:51.275763,99.0,4444.0,71.0,1
2025-09-05T00:06:51.320690,70.0,2127.0,72.0,1
2025-09-05T00:06:53.205674,76.0,4542.0,64.0,1
2025-09-05T00:06:53.240616,72.0,8987.0,40.0,0
2025-09-05T00:06:54.233705,95.0,8924.0,84.0,1
2025-09-05T00:06:54.266306,62.0,7442.0,84.0,1
2025-09-05T00:06:56.248341,108.0,9279.0,24.0,1
2025-09-05T00:06:56.283772,57.0,3947.0,17.0,1
2025-09-05T00:06:57.232401,40.0,8126.0,45.0,0
2025-09-05T00:06:57.265694,69.0,6115.0,53.0,0
2025-09-05T00:06:59.234867,88.0,7165.0,19.0,1
2025-09-05T00:06:59.282859,62.0,8555.0,45.0,1
2025-09-05T00:07:00.320066,73.0,1351.0,57.0,0
2025-09-05T00:07:00.366068,54.0,3747.0,73.0,1
2025-09-05T00:07:02.203895,96.0,1211.0,99.0,1
2025-09-05T00:07:02.328286,94.0,1339.0,13.0,1
2025-09-05T00:07:03.807611,61.0,2075.0,71.0,1
2025-09-05T00:07:03.865633,83.0,8772.0,65.0,1
2025-09-05T00:07:05.234055,83.0,1282.0,61.0,1
2025-09-05T00:07:05.290722,44.0,6226.0,58.0,0
2025-09-05T00:07:06.265193,49.0,3212.0,29.0,0
2025-09-05T00:07:06.311375,61.0,1209.0,67.0,0
2025-09-05T00:07:08.216048,86.0,3657.0,53.0,1
2025-09-05T00:07:08.261888,77.0,2207.0,74.0,0
2025-09-05T00:07:09.235352,41.0,1615.0,86.0,1
2025-09-05T00:07:09.270003,86.0,2503.0,63.0,1
2025-09-05T00:07:11.251476,91.0,5842.0,16.0,1
2025-09-05T00:07:11.282878,103.0,1560.0,84.0,0
2025-09-05T00:07:12.319935,110.0,9082.0,36.0,1
2025-09-05T00:07:12.354182,85.0,5129.0,14.0,1
2025-09-05T00:07:14.397632,90.0,2237.0,19.0,1
2025-09-05T00:07:14.505835,78.0,3037.0,45.0,1
2025-09-05T00:07:15.212976,104.0,7652.0,26.0,1
2025-09-05T00:07:15.315504,42.0,4855.0,52.0,1
2025-09-05T00:07:15.348449,68.0,3145.0,96.0,0
2025-09-05T00:07:15.572272,89.0,1696.0,15.0,1
2025-09-05T00:07:17.211884,109.0,2283.0,18.0,1
2025-09-05T00:07:17.262059,76.0,6726.0,69.0,1
2025-09-05T00:07:18.138946,120.0,3996.0,41.0,1
2025-09-05T00:07:18.196055,55.0,1418.0,51.0,1
2025-09-05T00:07:18.352324,103.0,7709.0,95.0,1
2025-09-05T00:07:18.400621,50.0,6704.0,94.0,1
2025-09-05T00:07:20.327941,46.0,9060.0,68.0,1
2025-09-05T00:07:20.364728,81.0,1950.0,31.0,0
2025-09-05T00:07:20.632458,105.0,8145.0,23.0,1
2025-09-05T00:07:20.694828,87.0,8679.0,94.0,1
2025-09-05T00:07:21.251086,59.0,2952.0,45.0,1
2025-09-05T00:07:21.299049,104.0,3464.0,87.0,1
2025-09-05T00:07:23.029150,45.0,6370.0,35.0,1
2025-09-05T00:07:23.087472,40.0,8245.0,17.0,1
2025-09-05T00:07:23.302099,120.0,8886.0,35.0,1
2025-09-05T00:07:23.362380,111.0,5432.0,58.0,1
2025-09-05T00:07:24.231260,58.0,1242.0,82.0,1
2025-09-05T00:07:24.262983,73.0,1789.0,77.0,1
2025-09-05T00:07:25.625239,109.0,7580.0,85.0,1
2025-09-05T00:07:25.663349,48.0,7632.0,92.0,0
2025-09-05T00:07:26.241339,110.0,4956.0,60.0,1
2025-09-05T00:07:26.277342,70.0,8254.0,67.0,1
2025-09-05T00:07:27.232374,52.0,1137.0,80.0,0
2025-09-05T00:07:27.281691,108.0,5329.0,84.0,0
2025-09-05T00:07:28.064923,51.0,2594.0,47.0,1
2025-09-05T00:07:28.114579,40.0,6871.0,68.0,1
2025-09-05T00:07:30.700757,56.0,2755.0,46.0,0
2025-09-05T00:07:31.148120,118.0,6183.0,97.0,1
2025-09-05T00:07:31.651676,92.0,1411.0,14.0,1
2025-09-05T00:07:31.841919,77.0,2750.0,92.0,1
2025-09-05T00:07:34.241212,48.0,2535.0,16.0,0
2025-09-05T00:07:34.291779,73.0,6992.0,69.0,1
2025-09-05T00:07:36.808688,56.0,3859.0,79.0,0
2025-09-05T00:07:36.855004,95.0,3730.0,74.0,1
2025-09-05T00:07:39.158916,55.0,2665.0,61.0,1
2025-09-05T00:07:39.193545,44.0,1292.0,14.0,0
2025-09-05T00:07:41.850639,54.0,6715.0,69.0,1
2025-09-05T00:07:41.901804,117.0,5942.0,95.0,1
2025-09-05T00:07:44.304227,83.0,6580.0,51.0,1
2025-09-05T00:07:44.348357,48.0,6198.0,83.0,1
2025-09-05T00:07:46.924353,107.0,3494.0,24.0,1
2025-09-05T00:07:46.969744,98.0,3480.0,90.0,1
2025-09-05T00:07:49.361476,107.0,1035.0,49.0,1
2025-09-05T00:07:49.429471,115.0,7230.0,35.0,1
2025-09-05T00:07:51.835345,89.0,7264.0,57.0,1
2025-09-05T00:07:51.879762,50.0,5595.0,66.0,1
2025-09-05T00:07:55.028520,75.0,5440.0,78.0,1
2025-09-05T00:07:55.140644,94.0,6274.0,83.0,1
2025-09-05T00:07:57.706385,112.0,9485.0,55.0,1
2025-09-05T00:07:57.773786,79.0,5704.0,46.0,1
2025-09-05T00:08:00.009439,102.0,3880.0,52.0,1
2025-09-05T00:08:00.087018,94.0,3092.0,42.0,1
2025-09-05T00:08:02.683167,46.0,9669.0,90.0,1
2025-09-05T00:08:02.726135,58.0,1071.0,66.0,1
2025-09-05T00:08:05.332813,110.0,8695.0,77.0,1
2025-09-05T00:08:05.376970,77.0,1402.0,86.0,1
2025-09-05T00:08:07.764755,44.0,9516.0,17.0,1
2025-09-05T00:08:07.808678,84.0,6077.0,93.0,1
2025-09-05T00:08:10.322079,88.0,2655.0,28.0,1
2025-09-05T00:08:10.366320,79.0,7406.0,17.0,1
2025-09-05T00:08:12.784645,110.0,9670.0,43.0,1
2025-09-05T00:08:12.830227,67.0,9087.0,97.0,1
2025-09-05T00:08:15.456741,95.0,3826.0,21.0,1
2025-09-05T00:08:15.502855,103.0,2929.0,14.0,1
2025-09-05T00:08:18.312670,74.0,6807.0,75.0,1
2025-09-05T00:08:18.365641,56.0,3526.0,36.0,0
2025-09-05T00:08:21.058079,45.0,6701.0,76.0,1
2025-09-05T00:08:21.087254,55.0,4992.0,77.0,1
2025-09-05T00:08:23.619470,76.0,3334.0,15.0,1
2025-09-05T00:08:23.665830,106.0,4901.0,47.0,1
2025-09-05T00:08:26.880935,51.0,7142.0,46.0,0
2025-09-05T00:08:26.915033,101.0,9250.0,15.0,1
2025-09-05T00:08:29.877116,109.0,9439.0,36.0,1
2025-09-05T00:08:29.933504,50.0,4374.0,36.0,0
2025-09-05T00:08:32.868426,101.0,5131.0,60.0,1
2025-09-05T00:08:32.917126,41.0,6284.0,63.0,1
2025-09-05T00:08:35.808548,84.0,3192.0,29.0,1
2025-09-05T00:08:35.843761,72.0,6793.0,13.0,1
2025-09-05T00:08:38.860705,85.0,9795.0,80.0,1
2025-09-05T00:08:38.927910,40.0,7333.0,30.0,0
2025-09-05T00:08:41.877151,41.0,4677.0,70.0,1
2025-09-05T00:08:41.924299,101.0,7594.0,78.0,1
2025-09-05T00:08:45.051367,94.0,8226.0,97.0,1
2025-09-05T00:08:45.085490,54.0,1352.0,23.0,1
2025-09-05T00:08:47.923455,43.0,5044.0,71.0,1
2025-09-05T00:08:47.969814,64.0,6659.0,17.0,1
2025-09-05T00:08:50.945140,63.0,9335.0,48.0,1
2025-09-05T00:08:50.991806,73.0,2301.0,35.0,1
2025-09-05T00:08:53.935198,88.0,1418.0,87.0,1
2025-09-05T00:08:53.973579,56.0,8107.0,93.0,1
2025-09-05T00:08:56.874534,77.0,5392.0,80.0,1
2025-09-05T00:08:56.922725,72.0,8642.0,69.0,1
2025-09-05T00:08:59.858186,75.0,5570.0,42.0,1
2025-09-05T00:08:59.937187,76.0,6882.0,95.0,1
2025-09-05T00:09:02.810431,91.0,7510.0,44.0,1
2025-09-05T00:09:02.846821,93.0,7953.0,66.0,1
2025-09-05T00:09:05.982423,99.0,7200.0,15.0,1
2025-09-05T00:09:06.028592,86.0,7955.0,79.0,1
2025-09-05T00:09:08.981485,86.0,8616.0,98.0,1
2025-09-05T00:09:09.026796,51.0,3097.0,92.0,1
2025-09-05T00:09:11.850332,100.0,3033.0,61.0,1
2025-09-05T00:09:11.903076,51.0,8231.0,85.0,0
2025-09-05T00:09:15.022656,92.0,3224.0,81.0,0
2025-09-05T00:09:15.071946,109.0,9381.0,70.0,1
2025-09-05T00:09:17.985785,108.0,3421.0,25.0,1
2025-09-05T00:09:18.037663,57.0,3910.0,31.0,1
2025-09-05T00:09:20.903938,80.0,3699.0,18.0,1
2025-09-05T00:09:20.948734,112.0,3159.0,12.0,0
2025-09-05T00:09:23.952665,78.0,7810.0,27.0,1
2025-09-05T00:09:24.002603,78.0,4734.0,59.0,1
2025-09-05T00:09:26.839727,97.0,5411.0,79.0,1
2025-09-05T00:09:26.884334,108.0,4613.0,72.0,1
2025-09-05T00:09:29.887851,112.0,7641.0,37.0,0
2025-09-05T00:09:29.943184,116.0,2941.0,25.0,1
2025-09-05T00:09:32.917077,67.0,9022.0,27.0,1
2025-09-05T00:09:32.985611,85.0,6798.0,47.0,1
2025-09-05T00:09:36.045193,120.0,2189.0,99.0,1
2025-09-05T00:09:36.079608,96.0,4077.0,12.0,1
2025-09-05T00:09:38.939126,74.0,6940.0,42.0,1
2025-09-05T00:09:38.974657,92.0,1385.0,33.0,1
2025-09-05T00:09:41.957288,55.0,6914.0,61.0,1
2025-09-05T00:09:42.000024,59.0,8037.0,81.0,1
2025-09-05T00:09:45.066404,55.0,9486.0,79.0,1
2025-09-05T00:09:45.120197,92.0,9498.0,46.0,1
2025-09-05T00:09:47.834993,52.0,4283.0,29.0,1
2025-09-05T00:09:47.880753,49.0,4903.0,43.0,1
2025-09-05T00:09:50.363971,58.0,8853.0,15.0,1
2025-09-05T00:09:50.411481,120.0,3269.0,43.0,1
2025-09-05T00:09:52.815725,104.0,5576.0,94.0,1
2025-09-05T00:09:52.898196,95.0,6844.0,49.0,1
2025-09-05T14:31:49.792291,108.0,3077.0,47.0,1
2025-09-05T14:31:49.841995,100.0,8378.0,92.0,1
2025-09-05T14:31:53.994260,100.0,1732.0,73.0,1
2025-09-05T14:31:54.039062,84.0,5296.0,72.0,1
2025-09-05T14:31:56.318207,52.0,5788.0,46.0,1
2025-09-05T14:31:56.351063,111.0,7269.0,73.0,1
2025-09-05T14:31:57.934291,85.0,3500.0,60.0,1
2025-09-05T14:31:59.250712,55.0,4467.0,43.0,1
2025-09-05T14:31:59.293723,77.0,4585.0,22.0,1
2025-09-05T14:31:59.560950,45.0,2000.0,20.0,1
2025-09-05T14:32:02.265892,91.0,7676.0,32.0,1
2025-09-05T14:32:02.403627,46.0,1857.0,96.0,1
2025-09-05T14:32:05.342330,84.0,4099.0,79.0,1
2025-09-05T14:32:05.585708,114.0,1376.0,24.0,1
2025-09-05T14:32:08.484203,54.0,5699.0,37.0,1
2025-09-05T14:32:08.535830,43.0,9653.0,40.0,1
2025-09-05T14:32:11.295016,60.0,7737.0,96.0,1
2025-09-05T14:32:11.328679,103.0,1453.0,100.0,1
2025-09-05T14:32:14.246404,52.0,8970.0,28.0,1
2025-09-05T14:32:14.283105,49.0,3619.0,92.0,1
2025-09-05T14:32:17.251171,76.0,5192.0,51.0,1
2025-09-05T14:32:17.286590,64.0,7611.0,100.0,1
2025-09-05T14:32:20.836482,119.0,3241.0,84.0,1
2025-09-05T14:32:20.894629,56.0,6761.0,88.0,1
2025-09-05T14:32:23.210394,51.0,1474.0,70.0,1
2025-09-05T14:32:23.260472,107.0,4213.0,95.0,1
2025-09-05T14:32:25.344077,107.0,4634.0,54.0,1
2025-09-05T14:32:25.583656,56.0,1249.0,95.0,1
2025-09-05T14:32:28.541996,117.0,5989.0,20.0,1
2025-09-05T14:32:28.754703,52.0,5032.0,75.0,1
2025-09-05T14:32:31.326262,77.0,4002.0,71.0,1
2025-09-05T14:32:31.385215,63.0,8706.0,48.0,1
2025-09-05T14:32:34.266365,46.0,7178.0,14.0,1
2025-09-05T14:32:34.309231,65.0,6857.0,97.0,1
2025-09-05T14:32:37.286438,70.0,6215.0,35.0,1
2025-09-05T14:32:37.330728,85.0,6245.0,55.0,1
2025-09-05T14:32:40.270612,91.0,4263.0,77.0,1
2025-09-05T14:32:40.420035,65.0,4201.0,98.0,1
2025-09-05T14:32:43.317969,112.0,5780.0,50.0,1
2025-09-05T14:32:43.352768,84.0,6742.0,11.0,1
2025-09-05T14:32:46.257694,116.0,2124.0,73.0,1
2025-09-05T14:32:46.302780,96.0,8468.0,38.0,1
2025-09-05T14:32:49.273228,78.0,8401.0,29.0,1
2025-09-05T14:32:49.320489,55.0,2472.0,50.0,1
2025-09-05T14:32:52.291451,42.0,2298.0,39.0,0
2025-09-05T14:32:52.527048,41.0,8150.0,11.0,1
2025-09-05T14:32:55.253571,79.0,6292.0,58.0,1
2025-09-05T14:32:55.285931,42.0,5382.0,47.0,1
2025-09-05T14:32:58.394790,51.0,5826.0,94.0,1
2025-09-05T14:32:58.436241,101.0,3744.0,66.0,1
2025-09-05T14:33:01.353478,94.0,3309.0,59.0,1
2025-09-05T14:33:01.453746,83.0,8345.0,72.0,1
2025-09-05T14:33:05.416874,47.0,7792.0,61.0,1
2025-09-05T14:33:05.566137,91.0,3374.0,58.0,1
2025-09-05T14:33:32.583108,45.0,5352.0,66.0,1
2025-09-05T14:33:32.641426,120.0,8200.0,54.0,1
2025-09-05T14:33:35.255596,61.0,3506.0,84.0,0
2025-09-05T14:33:35.318766,58.0,3882.0,21.0,1
2025-09-05T14:33:38.308880,53.0,4691.0,66.0,1
2025-09-05T14:33:38.355240,117.0,4799.0,22.0,1
2025-09-05T14:33:41.345051,105.0,8398.0,35.0,1
2025-09-05T14:33:41.402013,80.0,8874.0,41.0,1
2025-09-05T14:33:58.527523,40.0,6983.0,72.0,1
2025-09-05T14:33:58.579885,78.0,4202.0,69.0,1
2025-09-05T14:34:01.241965,87.0,4932.0,11.0,1
2025-09-05T14:34:01.308073,117.0,2231.0,15.0,1
2025-09-05T14:34:04.937198,50.0,2487.0,90.0,1
2025-09-05T14:34:04.969330,78.0,3582.0,24.0,1
2025-09-05T14:34:07.300742,106.0,4477.0,91.0,1
2025-09-05T14:34:07.439564,100.0,6863.0,52.0,1
2025-09-05T14:34:10.503523,91.0,8172.0,79.0,1
2025-09-05T14:34:10.548338,91.0,4850.0,99.0,1
2025-09-05T14:34:17.631151,43.0,8118.0,14.0,1
2025-09-05T14:34:17.744416,48.0,9314.0,15.0,1
2025-09-05T14:34:20.248899,59.0,2416.0,51.0,1
2025-09-05T14:34:20.284271,51.0,4001.0,86.0,1
2025-09-05T14:34:23.367207,66.0,3787.0,45.0,1
2025-09-05T14:34:23.432243,89.0,5525.0,62.0,1
2025-09-05T14:34:26.495544,103.0,5525.0,98.0,1
2025-09-05T14:34:26.531254,94.0,7891.0,63.0,1
2025-09-05T14:34:29.282969,113.0,7575.0,86.0,1
2025-09-05T14:34:29.334508,65.0,2109.0,97.0,1
2025-09-05T14:34:32.229113,117.0,6443.0,88.0,1
2025-09-05T14:34:32.276453,56.0,7808.0,54.0,1
2025-09-05T14:34:35.333017,74.0,4504.0,41.0,1
2025-09-05T14:34:35.377782,41.0,5064.0,28.0,1
2025-09-05T14:34:38.295412,87.0,1251.0,10.0,1
2025-09-05T14:34:38.341869,97.0,9857.0,81.0,1
2025-09-05T14:34:41.244869,46.0,8933.0,21.0,1
2025-09-05T14:34:41.279944,78.0,4457.0,66.0,1
2025-09-05T14:34:44.237429,85.0,1380.0,19.0,1
2025-09-05T14:34:44.276586,79.0,6814.0,25.0,1
2025-09-05T14:34:47.305168,92.0,1204.0,28.0,1
2025-09-05T14:34:47.347392,87.0,7159.0,47.0,1
2025-09-05T14:34:50.227476,79.0,1223.0,25.0,1
2025-09-05T14:34:50.262083,107.0,1319.0,48.0,1
2025-09-05T14:34:53.393542,54.0,5496.0,71.0,1
2025-09-05T14:34:53.448915,83.0,9602.0,37.0,1
2025-09-05T14:34:56.208148,64.0,8315.0,58.0,1
2025-09-05T14:34:56.265661,100.0,4788.0,90.0,1
2025-09-05T14:34:59.238022,52.0,2183.0,61.0,1
2025-09-05T14:34:59.273992,63.0,8427.0,60.0,1
2025-09-05T14:35:02.331700,64.0,4932.0,42.0,1
2025-09-05T14:35:02.470318,85.0,8932.0,73.0,1
2025-09-05T14:35:05.251256,48.0,9691.0,35.0,1
2025-09-05T14:35:05.305007,95.0,5863.0,95.0,1
2025-09-05T14:35:08.252484,47.0,8377.0,58.0,1
2025-09-05T14:35:08.291831,66.0,1937.0,82.0,1
2025-09-05T14:35:11.218437,71.0,4030.0,72.0,1
2025-09-05T14:35:11.251689,53.0,9462.0,15.0,1
2025-09-05T14:35:21.426890,116.0,6173.0,78.0,1
2025-09-05T14:35:21.464335,110.0,7358.0,18.0,1
2025-09-05T14:35:24.244392,65.0,1832.0,15.0,1
2025-09-05T14:35:24.278095,71.0,1384.0,12.0,1
2025-09-05T14:35:27.438269,52.0,7238.0,95.0,1
2025-09-05T14:35:27.483457,67.0,9499.0,13.0,1
2025-09-05T14:35:30.280375,65.0,2400.0,20.0,1
2025-09-05T14:35:30.322726,43.0,3359.0,31.0,0
2025-09-05T14:35:33.283259,103.0,1449.0,66.0,1
2025-09-05T14:35:33.318062,90.0,8752.0,79.0,1
2025-09-05T14:35:36.552579,45.0,4410.0,15.0,1
2025-09-05T14:35:36.601650,44.0,7465.0,49.0,1
2025-09-05T14:35:39.372852,52.0,5735.0,40.0,1
2025-09-05T14:35:39.450898,45.0,2387.0,60.0,1
2025-09-05T14:35:42.243867,98.0,5165.0,32.0,1
2025-09-05T14:35:42.279752,101.0,6373.0,17.0,1
2025-09-05T14:35:45.238991,46.0,5066.0,52.0,1
2025-09-05T14:35:45.272268,63.0,9301.0,61.0,1
2025-09-05T14:35:48.234262,52.0,1933.0,98.0,1
2025-09-05T14:35:48.292496,83.0,2430.0,73.0,1
2025-09-05T14:35:51.310069,88.0,8322.0,56.0,1
2025-09-05T14:35:51.342642,103.0,3669.0,37.0,1
2025-09-05T14:35:54.335513,60.0,8911.0,67.0,1
2025-09-05T14:35:54.391900,97.0,6558.0,58.0,1
2025-09-05T14:35:57.431604,45.0,7456.0,77.0,1
2025-09-05T14:35:57.489457,67.0,8949.0,88.0,1
2025-09-05T14:36:00.248116,95.0,7203.0,21.0,1
2025-09-05T14:36:00.292352,89.0,2682.0,95.0,1
2025-09-05T14:36:03.501800,48.0,5844.0,92.0,1
2025-09-05T14:36:03.538094,77.0,1376.0,48.0,1
2025-09-05T14:36:06.681707,65.0,7662.0,76.0,1
2025-09-05T14:36:06.918612,67.0,8935.0,76.0,1
2025-09-05T14:36:09.276141,95.0,6758.0,14.0,1
2025-09-05T14:36:09.456299,109.0,8286.0,40.0,1
2025-09-05T14:36:12.316471,48.0,5479.0,25.0,1
2025-09-05T14:36:12.361912,83.0,7372.0,15.0,1
2025-09-05T14:36:21.790940,105.0,8252.0,11.0,1
2025-09-05T14:36:21.949570,84.0,1417.0,58.0,1
2025-09-05T14:36:50.371554,106.0,7076.0,32.0,1
2025-09-05T14:36:50.449013,116.0,2460.0,19.0,1
2025-09-05T14:36:56.563260,79.0,4868.0,21.0,1
2025-09-05T14:36:56.608805,40.0,3768.0,92.0,1
2025-09-05T14:36:59.257727,76.0,2523.0,34.0,1
2025-09-05T14:36:59.289765,98.0,8761.0,11.0,1
2025-09-05T14:37:02.264007,76.0,2058.0,76.0,1
2025-09-05T14:37:02.291229,45.0,6908.0,30.0,1
2025-09-05T14:37:55.599786,68.0,3503.0,59.0,1
2025-09-05T14:37:55.656129,97.0,9083.0,79.0,1
2025-09-05T14:37:58.295062,42.0,1551.0,87.0,1
2025-09-05T14:37:58.353180,44.0,3662.0,18.0,1
2025-09-05T14:38:01.316845,60.0,7381.0,69.0,1
2025-09-05T14:38:01.364001,52.0,7315.0,97.0,1
2025-09-05T14:38:04.322166,69.0,9440.0,57.0,1
2025-09-05T14:38:04.387325,108.0,4778.0,99.0,1
2025-09-05T14:38:04.934010,85.0,3500.0,60.0,1
2025-09-05T14:38:07.249023,82.0,4695.0,45.0,1
2025-09-05T14:38:07.290533,91.0,2783.0,87.0,1
2025-09-05T14:38:10.435285,75.0,4574.0,22.0,1
2025-09-05T14:38:10.505321,41.0,9317.0,77.0,1
2025-09-05T14:38:13.336577,98.0,4879.0,13.0,1
2025-09-05T14:38:13.392460,116.0,3684.0,20.0,1
2025-09-05T14:38:16.334345,99.0,5326.0,11.0,1
2025-09-05T14:38:16.364249,56.0,1213.0,49.0,1
2025-09-05T14:38:19.354727,105.0,6627.0,95.0,1
2025-09-05T14:38:19.392728,95.0,1190.0,89.0,1
2025-09-05T14:38:22.391959,120.0,8463.0,11.0,1
2025-09-05T14:38:22.425809,63.0,3786.0,17.0,1
2025-09-05T14:38:25.347852,71.0,6013.0,26.0,1
2025-09-05T14:38:25.386866,46.0,8828.0,83.0,1
2025-09-05T14:38:28.337407,118.0,2858.0,73.0,1
2025-09-05T14:38:28.473907,104.0,2889.0,27.0,1
2025-09-05T14:38:31.276752,45.0,2181.0,42.0,1
2025-09-05T14:38:31.341591,105.0,6839.0,94.0,1
2025-09-05T14:38:34.289689,119.0,5931.0,48.0,1
2025-09-05T14:38:34.324105,115.0,4951.0,52.0,1
2025-09-05T14:38:37.280751,72.0,8316.0,39.0,1
2025-09-05T14:38:37.332494,115.0,1092.0,79.0,1
2025-09-05T14:38:40.306168,79.0,1886.0,24.0,1
2025-09-05T14:38:40.354145,104.0,8734.0,34.0,1
2025-09-05T14:38:43.263721,58.0,4014.0,90.0,1
2025-09-05T14:38:43.309970,83.0,3514.0,17.0,1
2025-09-05T14:38:46.347429,59.0,4711.0,67.0,1
2025-09-05T14:38:46.392916,48.0,8891.0,28.0,1
2025-09-05T14:38:49.345419,117.0,8070.0,54.0,1
2025-09-05T14:38:49.385903,118.0,7921.0,98.0,1
2025-09-05T14:38:52.345634,41.0,4123.0,91.0,1
2025-09-05T14:38:52.385155,79.0,7508.0,41.0,1
2025-09-05T14:38:55.456787,79.0,2906.0,63.0,1
2025-09-05T14:38:55.501480,87.0,1978.0,67.0,1
2025-09-05T14:38:58.262989,84.0,8807.0,71.0,1
2025-09-05T14:38:58.308998,105.0,2269.0,75.0,1
2025-09-05T14:39:01.291534,55.0,8102.0,15.0,1
2025-09-05T14:39:01.325044,106.0,8979.0,24.0,1
2025-09-05T14:39:04.209933,67.0,5159.0,91.0,1
2025-09-05T14:39:04.253047,62.0,4481.0,22.0,1
2025-09-05T14:39:07.358721,119.0,5848.0,87.0,1
2025-09-05T14:39:07.392312,41.0,7730.0,73.0,1
2025-09-05T14:39:10.368086,87.0,1775.0,99.0,1
2025-09-05T14:39:10.464106,83.0,2569.0,11.0,1
2025-09-05T14:39:13.312488,49.0,4025.0,67.0,1
2025-09-05T14:39:13.348465,45.0,9352.0,73.0,1
2025-09-05T14:39:16.351179,41.0,7085.0,10.0,1
2025-09-05T14:39:16.413001,65.0,3653.0,79.0,1
2025-09-05T14:39:19.380879,92.0,6315.0,64.0,1
2025-09-05T14:39:19.711712,114.0,6506.0,88.0,1
2025-09-05T14:39:22.274694,62.0,4691.0,12.0,1
2025-09-05T14:39:22.311776,77.0,6464.0,89.0,1
2025-09-05T14:39:25.411986,119.0,7212.0,22.0,1
2025-09-05T14:39:25.463543,73.0,2241.0,50.0,1
2025-09-05T14:39:28.280838,52.0,8684.0,45.0,1
2025-09-05T14:39:28.313636,50.0,8742.0,75.0,1
2025-09-05T14:39:31.319313,69.0,5584.0,77.0,1
2025-09-05T14:39:31.357546,60.0,3702.0,34.0,1
2025-09-05T14:39:34.277707,87.0,8290.0,47.0,1
2025-09-05T14:39:34.524839,56.0,8361.0,88.0,1
2025-09-05T14:39:36.611921,52.0,1367.0,27.0,1
2025-09-05T14:39:36.676115,54.0,8452.0,41.0,1
2025-09-05T14:39:39.444248,85.0,5813.0,77.0,1
2025-09-05T14:39:39.520123,79.0,3027.0,95.0,1
2025-09-05T14:39:41.705217,74.0,6278.0,53.0,1
2025-09-05T14:39:41.804800,88.0,9686.0,30.0,1
2025-09-05T14:39:43.928694,71.0,7674.0,20.0,1
2025-09-05T14:39:43.996068,109.0,5038.0,91.0,1
2025-09-05T14:39:46.323568,55.0,3910.0,51.0,1
2025-09-05T14:39:46.457328,108.0,9921.0,98.0,1
2025-09-05T14:39:46.544613,41.0,5456.0,62.0,1
2025-09-05T14:39:46.652390,90.0,4946.0,84.0,1
2025-09-05T14:39:48.325725,52.0,7036.0,50.0,1
2025-09-05T14:39:48.387665,94.0,9453.0,38.0,1
2025-09-05T14:39:48.688371,118.0,8604.0,89.0,1
2025-09-05T14:39:48.739696,68.0,9955.0,69.0,1
2025-09-05T14:39:50.421793,59.0,8045.0,54.0,1
2025-09-05T14:39:50.478648,65.0,6426.0,24.0,1
2025-09-05T14:39:50.742794,68.0,9683.0,51.0,1
2025-09-05T14:39:50.843190,59.0,4897.0,91.0,1
2025-09-05T14:39:52.507814,46.0,6712.0,54.0,1
2025-09-05T14:39:52.543301,90.0,6290.0,81.0,1
2025-09-05T14:39:52.866783,90.0,1128.0,34.0,1
2025-09-05T14:39:52.995735,100.0,5698.0,41.0,1
2025-09-05T14:39:54.668405,96.0,4581.0,49.0,1
2025-09-05T14:39:54.755661,99.0,1877.0,52.0,1
2025-09-05T14:39:55.021750,118.0,8393.0,31.0,1
2025-09-05T14:39:55.055007,87.0,6020.0,17.0,1
2025-09-05T14:39:56.807621,59.0,5964.0,53.0,1
2025-09-05T14:39:56.855835,117.0,4692.0,37.0,1
2025-09-05T14:39:57.124999,111.0,8157.0,34.0,1
2025-09-05T14:39:57.218589,43.0,5557.0,15.0,1
2025-09-05T14:39:58.941930,49.0,7773.0,87.0,1
2025-09-05T14:39:58.987381,45.0,3160.0,55.0,0
2025-09-05T14:39:59.259511,80.0,9722.0,71.0,1
2025-09-05T14:39:59.300149,45.0,4430.0,46.0,1
2025-09-05T14:40:01.041073,53.0,3997.0,11.0,1
2025-09-05T14:40:01.135650,94.0,7838.0,47.0,1
2025-09-05T14:40:01.521657,81.0,9750.0,31.0,1
2025-09-05T14:40:01.569469,106.0,1171.0,69.0,1
2025-09-05T14:40:03.333562,110.0,3567.0,69.0,1
2025-09-05T14:40:03.372576,114.0,5994.0,39.0,1
2025-09-05T14:40:04.327772,70.0,1622.0,77.0,1
2025-09-05T14:40:04.373837,113.0,9933.0,31.0,1
2025-09-05T14:40:06.336418,109.0,3997.0,44.0,1
2025-09-05T14:40:06.388723,87.0,1237.0,23.0,1
2025-09-05T14:40:07.560150,91.0,8492.0,87.0,1
2025-09-05T14:40:07.605603,60.0,1059.0,46.0,1
2025-09-05T15:54:20.551024,40.0,9416.0,55.0,1
2025-09-05T15:54:20.596155,80.0,5886.0,26.0,1
2025-09-05T15:54:25.154050,74.0,9046.0,13.0,1
2025-09-05T15:54:25.192050,84.0,5718.0,66.0,1
2025-09-05T15:54:28.252334,88.0,8455.0,92.0,1
2025-09-05T15:54:28.299395,59.0,4291.0,71.0,1
2025-09-05T15:54:31.218960,77.0,8446.0,84.0,1
2025-09-05T15:54:31.254975,81.0,5113.0,11.0,1
2025-09-05T15:54:34.317041,54.0,3903.0,12.0,1
2025-09-05T15:54:34.351462,117.0,2214.0,44.0,1
2025-09-05T15:54:34.576146,85.0,3500.0,60.0,1
2025-09-05T15:54:37.245637,52.0,4936.0,83.0,1
2025-09-05T15:54:37.306426,76.0,8271.0,45.0,1
2025-09-05T15:54:40.230000,101.0,5203.0,66.0,1
2025-09-05T15:54:40.279744,103.0,4303.0,100.0,1
2025-09-05T15:54:43.212333,89.0,6238.0,42.0,1
2025-09-05T15:54:43.259760,51.0,7717.0,14.0,1
2025-09-05T15:54:46.187596,58.0,2629.0,50.0,1
2025-09-05T15:54:46.236645,90.0,2804.0,70.0,1
2025-09-05T15:54:49.285220,79.0,9995.0,47.0,1
2025-09-05T15:54:49.374745,90.0,1261.0,98.0,1
2025-09-05T15:54:52.280968,111.0,1669.0,49.0,1
2025-09-05T15:54:52.319303,61.0,6660.0,18.0,1
2025-09-05T15:54:55.359996,75.0,7055.0,91.0,1
2025-09-05T15:54:55.413089,105.0,6207.0,37.0,1
2025-09-05T15:54:58.399871,68.0,5724.0,48.0,1
2025-09-05T15:54:58.495943,105.0,8205.0,27.0,1
2025-09-05T15:55:01.251479,86.0,3098.0,12.0,1
2025-09-05T15:55:01.328740,106.0,3812.0,26.0,1
2025-09-05T15:55:04.281035,116.0,5019.0,60.0,1
2025-09-05T15:55:04.334162,114.0,9502.0,87.0,1
2025-09-05T15:55:07.330598,79.0,2089.0,70.0,1
2025-09-05T15:55:07.408058,40.0,2337.0,60.0,1
2025-09-05T15:55:10.248476,112.0,8196.0,17.0,1
2025-09-05T15:55:10.291985,86.0,5901.0,51.0,1
2025-09-05T15:55:13.263204,114.0,9092.0,82.0,1
2025-09-05T15:55:13.408824,49.0,5563.0,44.0,1
2025-09-05T15:55:16.259499,81.0,6918.0,31.0,1
2025-09-05T15:55:16.295039,93.0,5938.0,44.0,1
2025-09-05T15:55:19.337289,115.0,2444.0,41.0,1
2025-09-05T15:55:19.386203,71.0,9648.0,53.0,1
2025-09-05T15:55:22.491745,73.0,9139.0,86.0,1
2025-09-05T15:55:22.556593,87.0,1050.0,31.0,1
2025-09-05T15:55:25.266399,75.0,7157.0,73.0,1
2025-09-05T15:55:25.311811,111.0,9138.0,97.0,1
2025-09-05T15:55:28.185688,84.0,8091.0,32.0,1
2025-09-05T15:55:28.226165,91.0,6176.0,79.0,1
2025-09-05T15:55:31.284950,64.0,3475.0,93.0,1
2025-09-05T15:55:31.338199,110.0,9158.0,65.0,1
2025-09-05T15:55:33.701011,43.0,3509.0,35.0,0
2025-09-05T15:55:33.736439,83.0,2304.0,11.0,1
2025-09-05T15:55:35.687178,88.0,2200.0,14.0,1
2025-09-05T15:55:35.725895,119.0,8058.0,100.0,1
2025-09-05T15:55:37.842145,107.0,5133.0,46.0,1
2025-09-05T15:55:37.889335,87.0,3992.0,28.0,1
2025-09-05T15:55:39.933979,45.0,1760.0,58.0,1
2025-09-05T15:55:39.982036,71.0,3881.0,41.0,1
2025-09-05T15:55:42.206266,72.0,3673.0,21.0,1
2025-09-05T15:55:42.254324,106.0,4055.0,58.0,1
2025-09-05T15:55:45.373588,107.0,2606.0,54.0,1
2025-09-05T15:55:45.415311,114.0,5277.0,78.0,1
2025-09-05T15:55:48.230458,80.0,9204.0,69.0,1
2025-09-05T15:55:48.275908,62.0,5065.0,48.0,1
2025-09-05T15:55:51.416079,94.0,5164.0,61.0,1
2025-09-05T15:55:51.473576,79.0,9814.0,79.0,1
2025-09-05T15:55:53.509668,96.0,3128.0,76.0,1
2025-09-05T15:55:53.579834,71.0,4584.0,39.0,1
2025-09-05T15:55:55.519842,107.0,1159.0,58.0,1
2025-09-05T15:55:55.584476,83.0,3801.0,17.0,1
2025-09-05T15:55:57.611834,98.0,3328.0,100.0,1
2025-09-05T15:55:57.657888,67.0,3373.0,43.0,1
2025-09-05T15:55:59.831094,67.0,5925.0,17.0,1
2025-09-05T15:55:59.976157,78.0,1896.0,24.0,1
2025-09-05T15:56:03.817268,118.0,1239.0,46.0,1
2025-09-05T15:56:04.255509,119.0,1798.0,37.0,1
2025-09-05T15:56:05.842951,64.0,4923.0,44.0,1
2025-09-05T15:56:05.877280,66.0,1446.0,47.0,1
2025-09-05T15:56:07.935703,104.0,9924.0,39.0,1
2025-09-05T15:56:07.980844,72.0,6710.0,95.0,1
2025-09-05T15:56:10.242156,44.0,3186.0,77.0,1
2025-09-05T15:56:10.278225,70.0,1202.0,79.0,1
2025-09-05T15:56:12.371498,65.0,1272.0,58.0,0
2025-09-05T15:56:12.414337,44.0,4668.0,36.0,1
2025-09-05T15:56:14.511297,77.0,4515.0,68.0,1
2025-09-05T15:56:14.558458,116.0,3944.0,16.0,1
2025-09-05T15:56:16.749969,63.0,9432.0,21.0,1
2025-09-05T15:56:16.795861,102.0,9404.0,55.0,1
2025-09-05T15:56:18.877104,111.0,6279.0,69.0,1
2025-09-05T15:56:18.909948,116.0,5058.0,85.0,1
2025-09-05T15:56:21.189850,86.0,2012.0,45.0,1
2025-09-05T15:56:21.241281,95.0,8934.0,80.0,1
2025-09-05T15:56:23.302256,48.0,4417.0,68.0,1
2025-09-05T15:56:23.347654,64.0,2323.0,55.0,1
2025-09-05T15:56:25.486585,57.0,6627.0,75.0,1
2025-09-05T15:56:25.524423,117.0,8599.0,81.0,1
2025-09-05T15:56:27.642765,102.0,1929.0,77.0,1
2025-09-05T15:56:27.725939,91.0,1457.0,86.0,1
2025-09-05T15:56:29.808770,48.0,8514.0,88.0,1
2025-09-05T15:56:29.852151,65.0,1400.0,22.0,1
2025-09-05T15:56:31.872988,52.0,8004.0,48.0,1
2025-09-05T15:56:31.912830,120.0,3004.0,32.0,1
2025-09-05T15:56:34.006293,113.0,2136.0,78.0,1
2025-09-05T15:56:34.039644,120.0,1655.0,76.0,1
2025-09-05T15:56:36.023431,77.0,3289.0,91.0,1
2025-09-05T15:56:36.080127,52.0,8335.0,100.0,1
2025-09-05T15:56:38.147401,58.0,2048.0,27.0,1
2025-09-05T15:56:38.209284,92.0,6831.0,29.0,1
2025-09-05T15:56:41.460179,80.0,7523.0,10.0,1
2025-09-05T15:56:41.515885,60.0,8665.0,12.0,1
2025-09-05T15:56:44.338313,105.0,6292.0,13.0,1
2025-09-05T15:56:44.388347,72.0,8470.0,63.0,1
2025-09-05T15:56:47.285613,96.0,4790.0,84.0,1
2025-09-05T15:56:47.451098,114.0,5023.0,28.0,1
2025-09-05T15:56:50.223633,53.0,2686.0,37.0,1
2025-09-05T15:56:50.267147,86.0,2193.0,44.0,1
2025-09-05T15:56:53.248930,110.0,9785.0,69.0,1
2025-09-05T15:56:53.328296,66.0,6542.0,27.0,1
2025-09-05T15:56:55.605310,53.0,1697.0,45.0,1
2025-09-05T15:56:55.761722,61.0,7982.0,80.0,1
2025-09-05T15:56:57.716918,109.0,9299.0,72.0,1
2025-09-05T15:56:57.771530,41.0,9913.0,100.0,1
2025-09-05T15:57:00.001730,120.0,6985.0,15.0,1
2025-09-05T15:57:00.066876,63.0,2335.0,67.0,1
2025-09-05T15:57:02.096614,95.0,1232.0,30.0,1
2025-09-05T15:57:02.143626,100.0,8834.0,86.0,1
2025-09-05T15:57:04.227872,106.0,9238.0,15.0,1
2025-09-05T15:57:04.258747,79.0,8282.0,16.0,1
2025-09-05T15:57:07.609197,79.0,2563.0,98.0,1
2025-09-05T15:57:07.685456,114.0,1584.0,52.0,1
2025-09-05T15:57:10.479018,107.0,5412.0,58.0,1
2025-09-05T15:57:10.564316,61.0,2786.0,88.0,1
2025-09-05T15:57:13.277343,91.0,5350.0,41.0,1
2025-09-05T15:57:13.315656,115.0,9412.0,73.0,1
2025-09-05T15:57:16.325996,90.0,2535.0,93.0,1
2025-09-05T15:57:16.385615,53.0,6157.0,32.0,1
2025-09-05T15:57:19.365934,70.0,9645.0,78.0,1
2025-09-05T15:57:19.421794,99.0,4350.0,11.0,1
2025-09-05T15:57:22.237754,65.0,3325.0,93.0,1
2025-09-05T15:57:22.288562,50.0,9594.0,99.0,1
2025-09-05T15:57:25.232243,54.0,6706.0,85.0,1
2025-09-05T15:57:25.333072,75.0,8604.0,80.0,1
2025-09-05T15:57:28.263081,57.0,8013.0,55.0,1
2025-09-05T15:57:28.356789,49.0,9640.0,31.0,1
2025-09-05T15:57:31.234522,78.0,9795.0,88.0,1
2025-09-05T15:57:31.274125,90.0,4437.0,20.0,1
2025-09-05T15:57:34.228598,108.0,5943.0,60.0,1
2025-09-05T15:57:34.273257,99.0,2152.0,54.0,1
2025-09-05T15:57:37.241707,42.0,4495.0,56.0,1
2025-09-05T15:57:37.404321,114.0,3323.0,64.0,1
2025-09-05T15:57:40.272457,90.0,8236.0,30.0,1
2025-09-05T15:57:40.330447,82.0,6255.0,32.0,1
2025-09-05T15:57:43.342833,61.0,3735.0,69.0,1
2025-09-05T15:57:43.416809,116.0,6656.0,11.0,1
2025-09-05T15:57:46.209513,60.0,6680.0,56.0,1
2025-09-05T15:57:46.253943,79.0,9735.0,26.0,1
2025-09-05T15:57:49.383784,106.0,1697.0,96.0,1
2025-09-05T15:57:49.429109,117.0,4499.0,11.0,1
2025-09-05T15:57:52.199451,41.0,1924.0,78.0,1
2025-09-05T15:57:52.238068,58.0,6506.0,61.0,1
2025-09-05T15:57:55.271455,49.0,3108.0,23.0,0
2025-09-05T15:57:55.305779,108.0,2162.0,80.0,1
2025-09-05T15:57:58.348215,81.0,4215.0,70.0,1
2025-09-05T15:57:58.424876,86.0,3066.0,48.0,1
2025-09-05T15:58:01.238301,94.0,3237.0,53.0,1
2025-09-05T15:58:01.396089,75.0,4006.0,69.0,1
2025-09-05T15:58:04.311623,81.0,6823.0,17.0,1
2025-09-05T15:58:04.346254,96.0,4657.0,30.0,1
2025-09-05T15:58:07.232337,93.0,6191.0,32.0,1
2025-09-05T15:58:07.285662,107.0,5889.0,60.0,1
2025-09-05T15:58:10.233319,81.0,6647.0,20.0,1
2025-09-05T15:58:10.276510,66.0,4402.0,37.0,1
2025-09-05T15:58:13.227290,80.0,2840.0,25.0,1
2025-09-05T15:58:13.276208,117.0,5380.0,42.0,1
2025-09-05T15:58:16.211643,69.0,9337.0,51.0,1
2025-09-05T15:58:16.261109,98.0,6793.0,98.0,1
2025-09-05T15:58:19.348267,108.0,5593.0,62.0,1
2025-09-05T15:58:19.394068,53.0,6946.0,74.0,1
2025-09-05T15:58:22.256621,80.0,7411.0,11.0,1
2025-09-05T15:58:22.303516,101.0,6829.0,31.0,1
2025-09-05T15:58:25.243424,68.0,1472.0,14.0,1
2025-09-05T15:58:25.276621,51.0,2964.0,69.0,1
2025-09-05T15:58:28.250749,72.0,9446.0,43.0,1
2025-09-05T15:58:28.295834,55.0,6407.0,30.0,1
2025-09-05T15:58:31.242208,62.0,7457.0,62.0,1
2025-09-05T15:58:31.287482,97.0,7076.0,43.0,1
2025-09-05T15:58:34.261156,47.0,1967.0,79.0,1
2025-09-05T15:58:34.306501,93.0,9064.0,15.0,1
2025-09-05T15:58:37.231469,107.0,5783.0,24.0,1
2025-09-05T15:58:37.368821,57.0,9097.0,60.0,1
2025-09-05T15:58:40.261117,71.0,2838.0,11.0,1
2025-09-05T15:58:40.310921,60.0,9958.0,64.0,1
2025-09-05T15:58:43.265699,49.0,2986.0,26.0,1
2025-09-05T15:58:43.379968,42.0,4727.0,36.0,1
2025-09-05T15:58:46.218201,68.0,8603.0,45.0,1
2025-09-05T15:58:46.321112,117.0,9184.0,32.0,1
2025-09-05T15:58:49.242856,112.0,8850.0,97.0,1
2025-09-05T15:58:49.293128,80.0,3710.0,28.0,1
2025-09-05T15:58:52.253434,57.0,9061.0,28.0,1
2025-09-05T15:58:52.283730,93.0,2103.0,26.0,1
2025-09-05T15:58:55.459523,57.0,4019.0,100.0,1
2025-09-05T15:58:55.511757,108.0,5167.0,40.0,1
2025-09-05T15:58:58.333560,116.0,4295.0,80.0,1
2025-09-05T15:58:58.367661,115.0,9249.0,77.0,1
2025-09-05T15:59:01.190461,43.0,5515.0,22.0,1
2025-09-05T15:59:01.226297,43.0,8085.0,11.0,1
2025-09-05T15:59:04.209519,69.0,2254.0,27.0,1
2025-09-05T15:59:04.245058,76.0,2010.0,88.0,1
2025-09-05T15:59:07.215839,63.0,4200.0,38.0,1
2025-09-05T15:59:07.261256,83.0,6316.0,66.0,1
2025-09-05T15:59:10.274344,114.0,6427.0,40.0,1
2025-09-05T15:59:10.323427,119.0,5076.0,45.0,1
2025-09-05T15:59:13.216070,47.0,2729.0,54.0,1
2025-09-05T15:59:13.261087,58.0,9972.0,70.0,1
2025-09-05T15:59:16.252089,93.0,8415.0,53.0,1
2025-09-05T15:59:16.287673,51.0,1453.0,19.0,1
2025-09-05T15:59:19.248654,80.0,5586.0,57.0,1
2025-09-05T15:59:19.297686,51.0,9868.0,36.0,1
2025-09-05T15:59:22.212035,113.0,9404.0,65.0,1
2025-09-05T15:59:22.258883,64.0,4906.0,80.0,1
2025-09-05T15:59:25.228783,91.0,6896.0,34.0,1
2025-09-05T15:59:25.263421,60.0,9711.0,76.0,1
2025-09-05T15:59:28.222677,116.0,1234.0,42.0,1
2025-09-05T15:59:28.257238,57.0,8778.0,21.0,1
2025-09-05T15:59:31.217925,48.0,2761.0,44.0,0
2025-09-05T15:59:31.266040,47.0,3644.0,52.0,0
2025-09-05T15:59:34.238987,79.0,7401.0,76.0,1
2025-09-05T15:59:34.280159,110.0,9978.0,87.0,1
2025-09-05T15:59:37.330002,91.0,5352.0,49.0,1
2025-09-05T15:59:37.364867,111.0,7841.0,53.0,1
2025-09-05T15:59:40.237446,106.0,8118.0,38.0,1
2025-09-05T15:59:40.282387,95.0,2066.0,56.0,1
2025-09-05T15:59:43.278882,62.0,2748.0,96.0,1
2025-09-05T15:59:43.344864,97.0,9488.0,24.0,1
2025-09-05T15:59:46.203883,79.0,2942.0,44.0,1
2025-09-05T15:59:46.245453,102.0,3777.0,29.0,1
2025-09-05T15:59:49.221934,82.0,2957.0,31.0,1
2025-09-05T15:59:49.267605,92.0,2935.0,75.0,1
2025-09-05T15:59:52.276507,99.0,4479.0,98.0,1
2025-09-05T15:59:52.316674,63.0,7870.0,26.0,1
2025-09-05T15:59:55.244893,75.0,6584.0,71.0,1
2025-09-05T15:59:55.290882,52.0,7912.0,81.0,1
2025-09-05T15:59:58.307374,118.0,3446.0,25.0,1
2025-09-05T15:59:58.351754,95.0,4667.0,79.0,1
2025-09-05T16:00:01.424992,57.0,8305.0,36.0,1
2025-09-05T16:00:01.516329,42.0,8934.0,100.0,1
2025-09-05T16:00:04.239898,100.0,5676.0,16.0,1
2025-09-05T16:00:04.287499,117.0,7289.0,99.0,1
2025-09-05T16:00:07.264227,44.0,1790.0,48.0,1
2025-09-05T16:00:07.324124,114.0,9361.0,56.0,1
2025-09-05T16:00:10.211420,111.0,7724.0,65.0,1
2025-09-05T16:00:10.255276,80.0,9065.0,35.0,1
2025-09-05T16:00:13.247233,44.0,7689.0,16.0,1
2025-09-05T16:00:13.283058,105.0,9111.0,72.0,1
2025-09-05T16:00:16.187306,70.0,6128.0,75.0,1
2025-09-05T16:00:16.322980,96.0,8248.0,11.0,1
2025-09-05T16:00:19.213813,113.0,8783.0,20.0,1
2025-09-05T16:00:19.248721,77.0,5297.0,55.0,1
2025-09-05T16:00:22.231240,99.0,8459.0,47.0,1
2025-09-05T16:00:22.268023,92.0,7694.0,30.0,1
2025-09-05T16:00:25.214569,57.0,7466.0,68.0,1
2025-09-05T16:00:25.260192,110.0,7070.0,29.0,1
2025-09-05T16:00:28.244498,116.0,4828.0,80.0,1
2025-09-05T16:00:28.289342,40.0,3064.0,95.0,1
2025-09-05T16:00:31.205262,78.0,7822.0,48.0,1
2025-09-05T16:00:31.239723,44.0,6677.0,76.0,1
2025-09-05T16:00:34.222427,84.0,5255.0,32.0,1
2025-09-05T16:00:34.255966,48.0,5200.0,13.0,1
2025-09-05T16:00:37.214071,83.0,1238.0,92.0,1
2025-09-05T16:00:37.352542,53.0,2813.0,83.0,1
2025-09-05T16:00:40.293642,65.0,4482.0,56.0,1
2025-09-05T16:00:40.334028,87.0,6418.0,33.0,1
2025-09-05T16:00:43.273421,58.0,4862.0,62.0,1
2025-09-05T16:00:43.305622,56.0,7282.0,89.0,1
2025-09-05T16:00:46.224236,65.0,2484.0,68.0,1
2025-09-05T16:00:46.258060,112.0,4154.0,98.0,1
2025-09-05T16:00:49.226726,57.0,1679.0,76.0,1
2025-09-05T16:00:49.274029,100.0,4187.0,71.0,1
2025-09-05T16:00:52.246166,67.0,4009.0,30.0,1
2025-09-05T16:00:52.281599,93.0,2726.0,50.0,1
2025-09-05T16:00:55.230237,50.0,2204.0,95.0,1
2025-09-05T16:00:55.263619,55.0,8240.0,89.0,1
2025-09-05T16:00:58.345137,69.0,9848.0,48.0,1
2025-09-05T16:00:58.402251,52.0,4772.0,54.0,1
2025-09-05T16:01:01.221569,99.0,1598.0,18.0,1
2025-09-05T16:01:01.253469,79.0,6728.0,37.0,1
2025-09-05T16:01:04.258563,53.0,6290.0,62.0,1
2025-09-05T16:01:04.326235,92.0,3927.0,32.0,1
2025-09-05T16:01:07.234279,68.0,9274.0,92.0,1
2025-09-05T16:01:07.266599,99.0,7849.0,91.0,1
2025-09-05T16:01:10.238175,107.0,1906.0,82.0,1
2025-09-05T16:01:10.271177,60.0,9883.0,91.0,1
2025-09-05T16:01:13.231874,54.0,5855.0,95.0,1
2025-09-05T16:01:13.277809,83.0,4560.0,45.0,1
2025-09-05T16:01:16.194935,116.0,4771.0,99.0,1
2025-09-05T16:01:16.239164,93.0,2517.0,32.0,1
2025-09-05T16:01:19.212488,115.0,1204.0,69.0,1
2025-09-05T16:01:19.247256,73.0,9554.0,25.0,1
2025-09-05T16:01:22.216423,58.0,9611.0,99.0,1
2025-09-05T16:01:22.261579,84.0,1025.0,58.0,1
2025-09-05T16:01:25.290474,80.0,7448.0,42.0,1
2025-09-05T16:01:25.334906,94.0,3438.0,41.0,1
2025-09-05T16:01:28.252567,116.0,1179.0,98.0,1
2025-09-05T16:01:28.301091,95.0,3954.0,49.0,1
2025-09-05T16:01:31.289492,54.0,7774.0,75.0,1
2025-09-05T16:01:31.330677,81.0,6660.0,67.0,1
2025-09-05T16:01:34.220015,67.0,7680.0,47.0,1
2025-09-05T16:01:34.264300,109.0,5642.0,51.0,1
2025-09-05T16:01:37.381780,60.0,2155.0,58.0,1
2025-09-05T16:01:37.518202,94.0,8735.0,17.0,1
2025-09-05T16:01:40.283469,77.0,2892.0,29.0,1
2025-09-05T16:01:40.331843,99.0,6282.0,91.0,1
2025-09-05T16:01:43.244163,67.0,8233.0,28.0,1
2025-09-05T16:01:43.291860,75.0,4931.0,99.0,1
2025-09-05T16:01:46.234693,115.0,9293.0,87.0,1
2025-09-05T16:01:46.325886,108.0,4726.0,19.0,1
2025-09-05T16:01:49.248239,42.0,2083.0,55.0,1
2025-09-05T16:01:49.297405,42.0,7740.0,18.0,1
2025-09-05T16:01:52.364799,80.0,2841.0,32.0,1
2025-09-05T16:01:52.414018,84.0,6233.0,23.0,1
2025-09-05T16:01:55.325366,117.0,4568.0,40.0,1
2025-09-05T16:01:55.385935,47.0,3761.0,22.0,1
2025-09-05T16:01:58.323330,42.0,7472.0,15.0,1
2025-09-05T16:01:58.357091,119.0,3592.0,42.0,1
2025-09-05T16:02:01.240607,118.0,5205.0,42.0,1
2025-09-05T16:02:01.383268,86.0,6183.0,52.0,1
2025-09-05T16:02:04.225459,80.0,5496.0,16.0,1
2025-09-05T16:02:04.272371,51.0,6102.0,68.0,1
2025-09-05T16:02:07.230606,76.0,9756.0,45.0,1
2025-09-05T16:02:07.274007,93.0,5552.0,36.0,1
2025-09-05T16:02:10.225902,80.0,4117.0,44.0,1
2025-09-05T16:02:10.271270,109.0,8096.0,76.0,1
2025-09-05T16:02:13.239497,102.0,6711.0,14.0,1
2025-09-05T16:02:13.287838,93.0,5239.0,94.0,1
2025-09-05T16:02:16.303713,48.0,6356.0,62.0,1
2025-09-05T16:02:16.354189,120.0,7898.0,17.0,1
2025-09-05T16:02:19.260717,71.0,7500.0,65.0,1
2025-09-05T16:02:19.301203,70.0,8377.0,85.0,1
2025-09-05T16:02:22.216374,60.0,9701.0,16.0,1
2025-09-05T16:02:22.285460,68.0,9737.0,36.0,1
2025-09-05T16:02:25.267286,63.0,1564.0,75.0,1
2025-09-05T16:02:25.306157,42.0,3583.0,86.0,1
2025-09-05T16:02:28.250497,78.0,5013.0,57.0,1
2025-09-05T16:02:28.301863,110.0,3027.0,65.0,1
