timestamp,noise,light,motion,noise_flag,light_flag,motion_flag,flag_count,label,episode_id,noise_mean_10,noise_std_10,noise_range_10,noise_slope_10,noise_fft_energy_10,light_mean_10,light_std_10,light_range_10,light_slope_10,light_fft_energy_10,motion_mean_10,motion_std_10,motion_range_10,motion_slope_10,motion_fft_energy_10,noise_mean_30,noise_std_30,noise_range_30,noise_slope_30,noise_fft_energy_30,light_mean_30,light_std_30,light_range_30,light_slope_30,light_fft_energy_30,motion_mean_30,motion_std_30,motion_range_30,motion_slope_30,motion_fft_energy_30,noise_mean_60,noise_std_60,noise_range_60,noise_slope_60,noise_fft_energy_60,light_mean_60,light_std_60,light_range_60,light_slope_60,light_fft_energy_60,motion_mean_60,motion_std_60,motion_range_60,motion_slope_60,motion_fft_energy_60
2025-08-25T13:12:37.532335,70.5317498782832,5302.146055911642,55.916316424920105,False,False,False,0,0,0,71.3980567161016,4.599469169944031,14.594503665005973,0.046535481518009195,974.4416873359805,5270.552137191789,619.4057288742179,2141.939308741007,37.06874051981231,18099292.701876704,49.98081959720811,13.22144894673417,41.207493551099475,0.5732436135851678,8021.414653113979,78.14910189512905,7.308567448434245,25.696071078254832,-0.2394130697558912,23569.658167279267,4989.721792474796,692.3691900094123,2775.2478535079163,13.584922816677379,210840559.71249202,50.60274123397196,11.452097610866712,43.24020951717905,0.7783407940576126,58151.540664322354,75.36820972695564,8.989497161426549,40.6554711752246,-0.0078041686952801115,144815.4352883637,5286.610986714546,1191.4499192803314,4967.543763449722,30.35743426519404,2526593862.8919864,51.5032543612531,12.97048287557748,51.97475549184851,0.2886052737486684,297947.4751101519
2025-08-25T13:12:38.535026,72.47222491479823,5075.00223913815,58.94142149744407,False,False,False,0,0,0,71.63863970127113,4.5849725873515235,14.594503665005973,-0.237425162937393,987.4692217164474,5284.906496034252,612.2967695977741,2141.939308741007,-129.54188163613134,17530132.886644103,50.856573718045674,13.522993218252699,41.207493551099475,2.261270529509617,8576.918838579964,77.97437132659034,7.381620710899396,25.696071078254832,-0.2675891488291237,23914.730249287735,4995.735254732356,692.2979526100262,2775.2478535079163,29.739445971674165,210425959.81873068,51.481918863780365,11.024095782044858,43.24020951717905,0.5648385558403286,53077.02788654286,75.39274680886894,8.97937546562999,40.6554711752246,-0.09546291808669594,144582.43738249628,5313.182690700182,1168.039949847795,4853.070561458175,-0.6197960143641619,2421665978.2651243,51.84227805287717,12.893112251948311,51.97475549184851,0.15202369162406792,294232.6425133067
2025-08-25T13:12:39.537030,69.63055744035876,4874.001567396705,57.45899504821084,False,False,False,0,0,0,71.11704779088977,4.474860129248604,14.594503665005973,-0.5261976140561757,1003.6881741733358,5135.2645472239765,487.70891588108566,1675.8245704362798,-68.32931714529195,10764291.0444224,52.96960160263196,12.621527312239136,41.207493551099475,2.392889370656731,7182.3641070259955,77.61205992861323,7.518859637067665,25.696071078254832,-0.507312404180387,25087.320911323353,5018.7746783126495,675.6115690571911,2775.2478535079163,42.627612180171916,202097468.48554766,51.99734320464626,10.926348865082424,43.24020951717905,0.8653869890882296,52581.02474470274,75.24992276620826,9.002090223210452,40.6554711752246,-0.2918240426606872,145866.00025896035,5309.212883490127,1169.1388876417855,4853.070561458175,12.65614278994508,2425360473.6587524,51.96959463701401,12.910509186262663,51.97475549184851,0.011416584136847282,295043.6224523027
2025-08-25T13:12:40.541049,78.44139020825112,5322.801097177693,45.92129653374759,False,False,False,0,0,0,71.47193345362284,4.925575196495094,14.594503665005973,1.0716616701606767,1251.4812077953768,5111.815183056783,470.49638418679586,1675.8245704362798,-58.1505220017043,9967962.921309594,54.20872112184237,11.00584101163557,39.15277013255928,-0.214977440540288,5606.222005763216,77.39844195002927,7.396169347804887,25.696071078254832,0.1348813170737292,24110.12369437287,5076.3622748188545,621.5492250852207,2669.52535045836,38.90932852612035,168486577.68183953,52.47814024325237,10.292117815148412,41.207493551099475,0.35577089236176085,46311.61214740502,75.10494593634577,8.876526372212751,40.6554711752246,-0.09427682986248105,141324.00893588352,5329.349018443088,1158.5722824267289,4853.070561458175,-5.020700047038432,2378379689.358342,51.788716245909804,12.918079682930369,51.97475549184851,-0.037008391104206714,295513.3901887871
2025-08-25T13:12:41.543199,70.50897314577578,5156.660768024385,35.74490757362331,False,False,False,0,0,0,71.75035341753599,4.766346460924927,14.594503665005973,0.27016316911247457,1136.1494688909945,5037.050628139748,381.57177421235014,1374.1554759724622,42.904634598806936,6922755.2508965125,52.97610478528966,12.37472809132265,39.15277013255928,-1.0804842083782014,7339.761138330087,77.26890936502046,7.4840906424676055,25.696071078254832,-0.37558307804838953,24784.19108390921,5109.733592373199,596.786510404713,2669.52535045836,22.676529968284253,156798818.85704038,52.49469817027666,10.26380307343858,41.207493551099475,-0.5609603753467673,46069.2746856792,74.87846215544204,8.816337642414105,40.6554711752246,-0.2809937809037367,140360.46562332354,5321.559312910162,1158.1284591246517,4853.070561458175,-0.15949003292689667,2375618290.1443067,51.58210137213687,13.075577308590168,51.97475549184851,-0.12090587377294473,302627.9673240122
2025-08-25T13:12:42.545692,67.35628120204305,4215.362537617069,27.421435301536317,False,False,False,0,0,0,71.7052473922752,4.809743687216943,14.594503665005973,0.21911421837873207,1148.1461208290286,4985.825439697824,455.0401109340753,1387.274685113849,-97.79675578083516,9378672.976798141,51.063273349702754,14.732273375114714,47.316159591206684,-0.8163389458647405,9825.433771881282,76.78823655551432,7.645930885352693,25.696071078254832,-0.28290815463387226,25535.81479689356,5101.033514661239,608.1328953634766,2669.52535045836,-25.686429022201022,163284966.60816357,51.656288719193654,11.238171263015548,47.316159591206684,-1.302672262742737,56054.74445590834,74.54492350880943,8.713758395632206,40.6554711752246,-0.3066956466326156,135885.02695132818,5305.711519037113,1166.7636330641703,4853.070561458175,-21.146643023048835,2413297792.792495,51.32247096049581,13.399532459045002,56.05070556587614,-0.13463411164106115,317999.0747916264
2025-08-25T13:12:43.548180,71.74939684143013,4124.953776331949,23.995004711075417,False,False,False,0,0,0,72.36367317459263,4.2307918296466935,12.403361481218653,0.3933799528651122,837.9117382457205,4878.987807788477,521.4778748633316,1477.6834463989699,-76.28772904658463,13241760.387773644,49.90429134479193,16.441935925044657,50.74259018166759,-2.971437262105318,12416.489914067093,76.65176558886002,7.699722815414349,25.696071078254832,-0.29803570824371095,25962.77563209619,5072.3334602628665,633.5374366536078,2669.52535045836,-35.630500315540694,175486688.41446736,50.23940210343556,11.958454731991973,50.74259018166759,-1.2518705839199162,62218.21685904005,74.31144645616659,8.595087561942664,40.6554711752246,-0.06468695264283089,133112.10500328557,5283.05806332598,1176.395377693915,4853.070561458175,-32.872650116134174,2450455409.705538,51.13072967234705,13.708538898898025,59.477136156337046,-0.36424387814874293,332661.65790559055
2025-08-25T13:12:44.550789,80.52457778900109,5205.867643432364,27.59650329775279,False,False,False,0,0,0,73.63457122221484,4.605069032639876,13.168296586958036,0.5153659670055788,1169.8408826650689,4910.791465451933,531.6755551044594,1477.6834463989699,97.73858966739081,14226403.448936412,47.29300394135434,17.788903600642442,50.74259018166759,-3.760006083473722,14246.850214530265,76.64623591220202,7.696781348624423,25.696071078254832,-0.018624995770597744,25939.998941254693,5072.733422184007,633.6205916096934,2669.52535045836,36.83864977912153,175516580.2058608,49.10758147240488,12.447752689630404,50.74259018166759,-1.3063094087439415,68150.09752300374,74.39301251931661,8.63096504437985,40.6554711752246,0.27971913315001845,134553.67465873453,5268.200644328185,1171.5567076336592,4853.070561458175,-33.76585508129391,2431967191.7524133,50.82651077064293,14.026569952231505,59.477136156337046,-0.28997071470412006,348595.87215802044
2025-08-25T13:12:45.552651,72.26720445230075,4163.107350402655,19.61755230842695,False,False,False,0,0,0,73.32419985555038,4.579561291987562,13.168296586958036,-0.7492438230960957,1228.555760691488,4904.254025816353,541.3119521192395,1477.6834463989699,-143.9529872328263,14807280.8484517,42.73510275894803,18.516222153379235,55.12004258431605,-5.512004258431605,16305.46825462622,76.35236513854142,7.689827994822498,25.696071078254832,-0.5230374970394185,26095.076308601405,5074.813395528805,630.414019442598,2669.52535045836,15.407054845385073,173837920.27785593,47.53530703068342,13.099659611750651,55.12004258431605,-1.1544165861207594,74682.43464169712,74.53510876352162,8.522126001156249,40.6554711752246,-0.009196606794987143,130659.03708116333,5217.055451029729,1151.186907983016,4853.070561458175,-55.816098556905736,2345983360.145275,50.403557539450055,14.577200364055187,63.85458855898551,-0.4529795002928842,376116.68777403457
2025-08-25T13:12:46.554882,77.88704311661051,4832.375145281858,15.232286615898865,False,False,False,0,0,0,73.13693989888526,4.3179906073465295,13.168296586958036,0.7355293238327321,1080.8869304807781,4827.227818071447,482.5009824403293,1197.8473208457444,-46.97709106297843,11007329.376770364,36.78457193126363,16.54559883477632,43.709134881545204,-4.068402980902124,12474.287090360991,76.01665559697898,7.379248600018971,25.696071078254832,0.17387375207240677,23835.212008994593,5112.529376870163,576.9624642328276,2245.467279167515,2.10493839176955,144837465.98096734,46.23471492147839,14.292610265154185,59.50530827684414,-1.7180916102845314,89327.48388241738,74.61957613446513,8.529940902850365,40.6554711752246,0.18356237524350902,131236.97010730393,5172.393815720811,1111.9523142903918,4853.070561458175,-54.88626898983402,2190252529.053477,49.87749027761504,15.26300101743164,68.2398542515136,-0.43708565020501894,412880.2443842644
2025-08-25T13:12:47.557265,84.52093018162736,5420.5626016973,40.0626006311292,False,False,False,0,0,0,74.53585792921967,5.4878035388018,17.164648979584314,1.2048705266829132,1387.2550968997843,4839.069472650013,496.69590154433615,1295.6088253653515,34.556036255915025,11517790.655107826,35.199200351884535,15.214756585308601,43.709134881545204,-1.8878820866314867,10418.556392433491,76.41165891788528,7.509977959046516,25.696071078254832,-0.04828837354931513,24548.242009409652,5134.240563809114,575.8523380207654,2245.467279167515,6.503456874238691,144658157.4449842,45.34430044503487,13.792161252394619,59.50530827684414,-0.3026641271991719,82754.6273289828,74.91370329412558,8.562506955820956,40.6554711752246,0.2284936626704564,131142.1024163085,5127.310671004567,1042.8801247372814,4853.070561458175,-43.21038829288382,1925394791.0454779,49.854243194330515,15.277098706216,68.2398542515136,-0.2559599551435132,413597.338556075
2025-08-25T13:12:48.559155,86.46465112713915,5718.29382118811,57.14382044179044,False,False,False,0,0,0,75.93510055045377,6.578606876620857,19.1083699250961,1.6834093686780391,2189.4444749275617,4903.398630855009,567.2888884181526,1593.3400448561615,84.42922537914055,15691407.368507106,35.01944024631917,14.910658047040052,42.22670843231197,-0.031517460642039904,10011.097596092228,76.4281612425197,7.532215637825924,25.696071078254832,-0.14380186148452054,24696.52508056748,5150.66839466638,585.4933892126343,2245.467279167515,5.0024198119671075,149204064.0732128,45.6110103115244,13.944663780206467,59.50530827684414,0.14813511096057966,84596.06053738741,75.17459230588791,8.673147709943862,40.6554711752246,0.15994556386931932,135459.87352992047,5089.062469703197,975.12752817665,4853.070561458175,-28.997271805018666,1684119058.8606362,49.88297023603136,15.289357945932316,68.2398542515136,-0.1441719686004594,414207.7123282925
2025-08-25T13:12:49.561257,87.5252557889974,4781.305674831677,63.10067430925331,False,False,False,0,0,0,77.72457038531763,7.087273630809633,20.16897458695435,0.9083865580746278,2268.73909112637,4894.129041598506,568.5784804644171,1593.3400448561615,-54.14954223460163,15905800.387161471,35.58360817242342,15.926179505817133,47.86838769335444,1.717937777550572,11456.313384437144,76.31971286976378,7.339426861934452,25.696071078254832,0.23933869696083576,23473.670903838112,5124.437876266466,583.7663090487009,2245.467279167515,-27.738306131623023,148310839.27765065,45.957707218067085,14.252873517609489,59.50530827684414,0.2136945776724057,88387.18401045098,75.35221461412152,8.816360502990879,40.6554711752246,0.15196189470852345,139224.9612246398,5044.4487287922375,924.8394967641922,4853.070561458175,-57.30309026351308,1514665397.3341324,49.838079165221956,15.245741294016387,68.2398542515136,-0.18592037802032144,411773.666781331
2025-08-25T13:12:50.563092,89.76767905229818,3948.4139723821736,74.1704720164773,False,False,False,0,0,0,78.85719926972234,8.053702954197178,22.411397850255128,1.9258705906522393,3037.8147795790555,4756.690329118954,617.4550510003883,1769.8798488059365,-120.82467956422116,17193745.426564004,38.40852572069639,19.958471918744667,58.93818540057844,3.8425564442853997,18106.659802831124,76.63379900883463,7.709897365529671,25.696071078254832,0.04753708787258499,26029.118935241226,5068.936513386526,614.0367443431996,2422.0070831172898,-62.286814292136114,164845415.76094162,46.54039505264696,15.042220393630895,59.50530827684414,0.7495862043706839,98490.10855969116,75.54155022988508,9.003091982016278,40.6554711752246,0.23137332629596633,145830.88253934044,4973.264110154566,836.4647234764103,4853.070561458175,-74.99716318445914,1243100101.2668169,49.836655415655365,15.243426158282375,68.2398542515136,0.28485573538577486,411651.0494736417
2025-08-25T13:12:51.566967,88.33737533660872,5616.289780667521,79.81933041153411,False,False,False,0,0,0,80.64003948880563,7.973252841321771,22.411397850255128,2.0981094134565668,2863.654071979754,4802.653230383268,665.7548466240818,1769.8798488059365,140.09272430504515,19962608.743476935,42.815968004487466,23.80142344165731,64.58704379563525,5.239789510999779,25806.11569020616,76.63365930618424,7.709677941380495,25.696071078254832,0.2232759615108094,26027.72480110068,5062.245559370568,606.6533010094438,2422.0070831172898,36.0192299955047,160685937.94188192,47.47827653685287,16.206040926734044,64.58704379563525,1.2347103430594784,114389.01904198597,75.74908516091953,9.153414658276171,40.6554711752246,0.13696132840717634,149883.41842723545,4926.064877108196,706.9276225714995,2775.2478535079163,-12.508014229121393,884577349.9407393,50.215658790958756,15.702342047242054,68.2398542515136,0.20439901477004246,437665.06957448635
2025-08-25T13:12:52.569546,81.9361627356261,5724.202846467264,60.67353128807388,False,False,False,0,0,0,82.09802764216394,6.464598075856385,18.01828221086805,1.0186765894195973,1954.771878563714,4953.537261268287,688.4563305415589,1775.7888740850904,159.92490701353154,22203822.865883294,46.14117760314123,23.734411401490767,64.58704379563525,3.6678526576998465,25383.298936529856,76.64356151432895,7.716516286574096,25.696071078254832,0.4562931730575665,26079.161894601057,5101.861891559398,609.8808752026723,2422.0070831172898,14.913460996853276,161805172.18657887,48.074793575797,16.355727113873037,64.58704379563525,0.13429724014163516,116367.28302273048,75.77935961264369,9.171102086105813,40.6554711752246,0.2808729298850236,150560.98803551207,4915.355413975737,689.3814807330275,2775.2478535079163,-9.950609960384979,841564921.3759298,50.10096115367112,15.598327106462499,68.2398542515136,-0.26192068966097004,432269.85616853123
2025-08-25T13:12:53.571492,68.15531391493826,5735.241992527084,67.97147190165171,False,False,False,0,0,0,81.73861934951475,7.165756670617676,21.612365137359916,-1.2369263874062824,2435.0731664353343,5114.566082887801,660.8881190410187,1786.8280201449106,52.937434909471996,19696075.91746327,50.538824322198856,23.24415427087674,64.58704379563525,4.037496860389892,24952.29243065051,76.64049306003025,7.719987663213881,25.696071078254832,-0.34059477885970374,26104.209210875022,5117.143324091578,620.0736181374523,2422.0070831172898,30.46942269779729,167318365.9631976,48.4523555030579,16.687744695740438,64.58704379563525,0.6040080680991446,121192.31698803944,75.83055172885058,9.11881204633427,40.6554711752246,-0.003388949080483646,148694.45350127787,4905.588789783015,673.0847733063152,2775.2478535079163,18.089573027730513,801926503.1017523,49.96067280756979,15.394411254057315,68.2398542515136,-0.2583444827626792,420640.653374522
2025-08-25T13:12:54.573580,75.60871974045678,6376.569394768959,64.9800303311562,False,False,False,0,0,0,81.24703354466033,7.4223223696693506,21.612365137359916,0.33415152881560317,2538.0391152520847,5231.636258021461,773.0329932723918,2428.155422386785,221.34620443663033,27281252.041127346,54.277177025539196,22.123546776062277,64.58704379563525,4.536247802272925,22026.635512120276,76.54834514202118,7.715089938024839,25.696071078254832,-0.5084163452017928,26022.841804330845,5168.990326864105,658.3194803055794,2428.155422386785,64.98859588845811,189237261.94836527,48.95664885214053,16.957880580994516,64.58704379563525,0.1628056476694013,125104.43081864173,75.9513862101954,9.066005701657454,40.6554711752246,0.3076277356436614,147420.01743828718,4934.36715284811,698.4030522411599,2781.3961927774117,43.17770111941137,864388649.1156441,49.65247096529884,14.88893872215007,65.59906240913324,-0.15584113793387525,394612.85316489736
2025-08-25T13:12:55.575919,84.72610381831973,7224.198576338271,46.08602123180934,False,False,False,0,0,0,82.49292348126222,6.763973243371915,21.612365137359916,0.6839060701709215,2060.0911891582145,5537.7453806150215,898.7486791706001,3275.7846039560973,239.1823431056413,38719996.732230715,56.924023917877435,18.858565282311464,64.58704379563525,3.0853734615910478,16312.558554377878,76.34384159941483,7.397387126306061,24.60254003404245,-0.02589144164125514,24052.223982473093,5262.233228804873,742.3291498266155,3275.7846039560973,40.572017121920666,240990221.41552538,48.489654196498364,16.832990634967707,64.58704379563525,0.003963953368581011,123434.30347077022,76.41097034713677,8.791584272251317,40.6554711752246,0.5753394149505627,137408.95601744275,4991.672006993677,742.2546935838897,3629.0253743467238,56.30939078358794,977157645.1202058,49.18172967570919,14.537833723962093,65.59906240913324,-0.5790887965537126,374834.49255783006
2025-08-25T13:12:56.578029,75.50827267282381,7423.639003436789,50.86021486226653,False,False,False,0,0,0,82.25504643688355,6.982258186395418,21.612365137359916,-0.9012657508803557,2201.7550072693484,5796.871766430515,1035.8745872313743,3475.225031054615,200.30764017394887,48372126.78687508,60.4868167425142,12.34883374816204,39.75672978040491,1.0797614231137331,6920.406425550959,76.01068911959037,7.192907976558538,24.60254003404245,-0.2481240091488786,22581.59757707802,5309.453260163411,831.0892971439454,3475.225031054615,59.48041198534441,300475686.12042284,48.65275793754885,16.831411361671474,64.58704379563525,0.26277476735800653,123515.27330987183,76.83267924299572,8.092322886630685,32.31719285161039,0.282737590465394,117710.08633535821,5051.305404895574,790.7652825894686,3828.4658014452416,54.446573548511545,1108050986.7000582,48.682210772996434,13.934298443271295,64.58704379563525,-0.13536215758759884,346026.8648767486
2025-08-25T13:12:57.580979,63.95579087097666,5282.647302405752,63.50215040358657,False,False,False,0,0,0,80.19853250581848,8.982720412414086,25.81188818132152,-2.250886025616249,3768.5587903015785,5783.080236501361,1042.3393344463962,3475.225031054615,-43.56465187823578,49043248.63798096,62.830771719759944,10.052338801532688,33.73330917972477,0.635832996179613,4627.259421756753,75.37748238371326,7.394103381010667,25.81188818132152,-0.20368680640421483,24272.264653488914,5297.567282114387,828.7569203025072,3475.225031054615,11.706288389741106,298789286.3474271,49.336930556284194,17.008966183167672,64.58704379563525,0.44394233715060477,125852.75047689151,76.92287547009701,7.913201442697178,30.524641646509487,0.007916313325775566,112325.51533162217,5070.068783426901,782.4950236420074,3828.4658014452416,9.497601483958078,1083872739.4116569,48.7575475410975,14.00297866321901,64.58704379563525,0.3302464896886808,349743.49298994965
2025-08-25T13:12:58.582747,60.06905360968366,5455.553111684027,73.8515052825106,False,False,False,0,0,0,77.55897275407293,10.658654883299363,29.69862544261452,-2.745620217931374,5160.4291547837065,5756.806165550951,1047.4527336483336,3475.225031054615,67.42474368523499,49413747.717312485,64.50154020383196,10.385064695549044,33.73330917972477,1.0750830973257295,4861.456588888754,75.04423766859927,7.852781104676527,29.69862544261452,-0.4925807644829502,27051.52745327538,5315.037097480071,826.2935754990862,3475.225031054615,-30.495598127181225,297243138.0422954,50.12585138939894,17.588611279710776,64.58704379563525,1.2507596360054234,134932.08647307078,76.86601282906788,8.022927852841036,30.792156486826904,-0.004458580671956962,115240.11714635493,5082.448148398831,782.6223329304032,3828.4658014452416,-1.616678961229339,1084840769.09635,49.26028327876825,14.354918017221364,64.58704379563525,0.5761725427820766,365656.82129884855
2025-08-25T13:12:59.585126,54.94833752677856,5788.987178178819,57.69605369775742,False,False,False,0,0,0,74.30128092785104,12.148391675877406,34.81934152551962,-3.481934152551962,6900.421292211409,5857.574315885666,990.0789683436434,3475.225031054615,184.05732057966452,44370007.15462069,63.96107814268237,10.604387705677942,33.73330917972477,-1.6474418318719883,5105.139407047713,74.38096636801949,8.668069008531942,34.81934152551962,-0.6648065351380652,33532.353944590956,5295.655968236049,807.2856959023418,3475.225031054615,7.723081310973157,284309602.5304586,50.838095972579254,17.442661147161207,64.58704379563525,0.8055317452037963,132362.29805514225,76.77620898034753,8.2383487154488,35.912872569732,-0.1881210064703699,121730.76386564654,5086.388703879182,785.6189570614284,3828.4658014452416,-3.3766752728605147,1092903027.1058233,49.56719829513777,14.334788767614873,64.58704379563525,0.2633207799474537,365595.87590219744
2025-08-25T13:13:00.587498,49.56383626874499,5782.391024725173,49.98723758843019,False,False,False,0,0,0,70.28089664949572,13.078173431148198,38.77353906786372,-3.8773539067863725,7848.760243280435,6040.972021119966,733.8422021736009,2140.9917010310364,16.610124405765237,24855198.96046539,61.54275469987765,10.773583749854682,33.73330917972477,-2.983209282310392,5331.530931913027,73.53667645761364,9.778884132678328,40.203842783553185,-0.6053645745966454,41723.40369698182,5303.159177765235,810.8395579588765,3475.225031054615,-4.063843082318757,287123946.4770485,51.386667180805475,17.135641198951042,64.58704379563525,0.06387222164265746,127970.10244854163,76.49834628624328,8.85775468951765,41.29737382776557,-0.36668470452925894,139669.8776350056,5082.902092715426,781.9893820687665,3828.4658014452416,22.11132730899764,1082652505.520099,49.702038806596434,14.299421929036244,64.58704379563525,-0.07567545403678248,363339.31968355796
2025-08-25T13:13:01.589274,55.69468538812149,6830.173717307622,43.09106631190113,False,False,False,0,0,0,67.01662765464701,12.108372669505666,35.162267549574736,-2.6241477347504607,6713.179373886456,6162.360414783976,755.8550926647752,2140.9917010310364,110.59708708403578,25714151.400692586,57.869928289914355,10.089411433015838,30.76043897060947,-1.7582464976172751,4822.956682200951,73.13567352032955,10.260242990117037,40.203842783553185,-0.40375520221765154,46182.633324333576,5334.021424435663,851.1287443928478,3475.225031054615,70.08530984237686,315288917.43110055,51.22066702656384,17.19289439582999,64.58704379563525,-0.11528944485013971,128946.78541370442,76.23384240037028,9.236428550135475,41.29737382776557,-0.48667929317048114,152556.7056844548,5122.476464900798,809.3160778502157,3828.4658014452416,25.922929116298352,1160649353.271557,49.5114271646175,14.310226247814434,64.58704379563525,0.027027182174252335,363342.0838090286
2025-08-25T13:13:02.590710,69.88627977168504,5132.421602115335,47.86374641833079,False,False,False,0,0,0,65.81163935825289,11.008262586845461,35.162267549574736,0.17309658567467778,5458.162981942399,6103.182290348783,814.8362950117911,2291.2174013214535,-60.282039041174905,30116634.167366095,56.58894980294004,10.498785298082218,30.76043897060947,-2.010772548332092,5002.385113813029,73.20497146423068,10.229990344910421,40.203842783553185,0.15737135844764366,45973.13632964107,5347.514997104965,844.3653970253555,3475.225031054615,-2.030283110336192,310615970.6915982,51.26446691859467,17.182255088099303,64.58704379563525,0.40929738860490233,128823.9469171832,75.98368968025919,9.201048920578256,41.29737382776557,-0.21567550521933682,150677.690014059,5120.103525430559,809.070585556786,3828.4658014452416,-0.8739496185911473,1160186950.4097097,49.61799901523225,14.273082231590589,64.58704379563525,0.2389190275219767,361215.5330156338
2025-08-25T13:13:03.592921,60.620395840179526,5809.695121480734,46.70462249283155,False,False,False,0,0,0,65.05814755077702,11.087607228219692,35.162267549574736,-1.4988323900277252,5589.223654224446,6110.627603244148,811.4338487246475,2291.2174013214535,-56.687427328822466,29921830.332305834,54.462264862058035,10.082606934083188,30.76043897060947,-1.8275407838324653,5038.645028105063,73.05348002496147,10.38562089430217,40.203842783553185,-0.2398400490866493,47515.34857771187,5368.060497973475,847.9754539063705,3475.225031054615,30.72880182276464,312858710.24955916,51.635126843016266,16.95072589946712,64.58704379563525,-0.23349182797656834,125133.96170413589,75.61358277618143,9.366259791664204,41.29737382776557,-0.39597285365353563,157258.91919510288,5130.517467801391,813.9249317089426,3828.4658014452416,22.423235266986193,1175428603.8425255,49.83759931066257,14.12190113305589,64.58704379563525,0.2472433192653836,354171.65465654794
2025-08-25T13:13:04.594312,71.53427708812566,5709.286585036514,39.29323574498208,False,False,False,0,0,0,64.65070328554391,10.72577828508697,35.162267549574736,-1.3191826730194065,5198.792805895879,6043.899322270903,814.565116372938,2291.2174013214535,-151.49119913017566,30884134.81520549,51.893585403440625,10.373178959677787,34.558269537528524,-0.6792785486827263,4853.533088851167,73.17743601747301,10.343053856139617,40.203842783553185,-0.1278880343606545,47266.79997550964,5395.442348581433,845.1918922299749,3475.225031054615,49.36016127593527,311445690.4047593,51.15458879011139,17.09363503564448,64.58704379563525,-0.8634442795835978,127107.350810256,75.39950794332701,9.309139962775475,41.29737382776557,-0.002180997557474977,154644.50411884475,5151.267227460973,812.5211865587521,3828.4658014452416,19.75626468689035,1169190127.4404078,49.9613195174638,13.993756973854556,64.58704379563525,-0.21192967651423147,347460.9303456542
2025-08-25T13:13:05.596338,85.17399396168796,4167.500609525559,49.105265021487455,False,False,False,0,0,0,64.69549229988073,10.819450445356175,35.61015769294296,0.9665721288864149,5286.748151009506,5738.229525589632,892.2551026169359,3256.1383939112293,-325.61383939112295,37144517.34238033,52.19550978240843,10.228288230872078,34.558269537528524,-0.17549498407790765,4709.34774746407,73.5042052122311,10.56716910617956,40.203842783553185,0.18047837594754176,48978.54933220224,5393.409644007002,848.163342631253,3475.225031054615,-47.8378871068453,313708694.2575308,50.61821215307797,16.889059979468634,64.58704379563525,-0.8544109957085183,124256.31417645086,75.62465556032889,9.380378626238526,41.29737382776557,0.3384733017097673,156415.25311356975,5145.327059222681,818.466460312116,3828.4658014452416,-1.775614719176762,1186009553.798415,49.91292366222466,13.991576193217922,64.58704379563525,0.006649226440038092,347237.379909787
2025-08-25T13:13:06.598220,87.82179577318156,5177.150426667891,54.47368551504121,False,False,False,0,0,0,65.92684460991651,12.72046461104249,38.25795950443657,2.3866004902204905,7452.25277782338,5513.580667912743,677.7910254797589,2662.6731077820623,-10.549687573786105,20866597.493309505,52.5568568476859,10.239695505093671,34.558269537528524,-0.9028464888545358,4732.7311882772165,73.77294364856176,10.830963143311635,40.203842783553185,0.576334863163279,51695.732338385045,5379.226750804902,848.1014873663446,3475.225031054615,-4.166520974791698,313222843.3965768,49.94274850715457,16.28560034541411,64.58704379563525,-0.04808769699596312,115372.10684711163,76.00725889223023,9.402243180118012,41.29737382776557,0.24193131119683714,158246.1573299067,5160.378941455877,810.4364499088616,3828.4658014452416,22.012069696576265,1162555663.5751982,50.00904656355726,14.00295266487467,64.58704379563525,0.2396544585080266,347596.63390511356
2025-08-25T13:13:07.600885,89.97525704122708,6487.205298667524,51.631579860528845,False,False,False,0,0,0,68.52879122694155,14.768704919273654,40.41142077248209,2.9906203431543426,9843.565429414646,5634.036467538919,736.6685349644716,2662.6731077820623,103.16521869834978,26089148.40989941,51.369799793380125,9.490509401558729,34.558269537528524,-2.2219925421981754,4201.762583248122,74.42106055399323,11.205588310681454,40.41142077248209,0.5834344042142949,54766.26292109869,5418.728725563431,871.6585598141488,3475.225031054615,47.07343531764582,330574017.964361,49.799923955008204,16.250155704078573,64.58704379563525,-0.24366138789717412,114873.37379947942,76.28508122456114,9.565922073788007,41.29737382776557,0.20435191783778586,162887.39316099143,5204.225259019115,809.8592961549522,3828.4658014452416,26.543448787603392,1164053006.5068047,50.201332594490076,13.943586482999256,64.58704379563525,0.3177581209556186,345102.3400940281
2025-08-25T13:13:08.603047,72.58267992885895,5765.943709067265,48.44210590237019,False,False,False,0,0,0,69.78015385885908,14.49996005213765,40.41142077248209,1.7634342402080392,9473.579146716476,5665.075527277244,734.8494746406162,2662.6731077820623,-2.304346911155335,25449855.598569125,48.82885985536608,5.262112698265084,18.402817952775344,-0.9253947795387234,1279.4051709089217,74.42474238779526,11.204944026638902,40.41142077248209,0.09840408295000648,54761.871719006325,5441.760107894402,871.3914301605072,3475.225031054615,29.73140472235203,330359222.6345399,49.44994676850573,16.15929477742813,64.58704379563525,-0.3005629715280217,113617.88328821027,76.1995568571928,9.575862786173731,41.29737382776557,-0.1319536575135499,163017.21584832642,5218.74768131338,812.0225581026248,3828.4658014452416,26.38541415132234,1168452441.595731,50.46593281614306,13.75258683148192,64.58704379563525,0.10743068466893296,335164.94742045476
2025-08-25T13:13:09.605141,85.00787595020125,4137.260596347086,33.90947413165913,False,False,False,0,0,0,72.78610770120136,14.196176061734779,40.41142077248209,3.544403968145626,9383.500621403908,5499.90286909407,875.9805965156562,2692.9131209605357,-164.51304283780874,34539551.14089844,46.450201898756255,6.1154565327170225,20.56421138338208,-1.607776345677106,1804.907401491755,74.93731967145668,11.32910318619619,40.41142077248209,0.21888285806500438,55833.22642523762,5417.20207552608,897.9218155593206,3475.225031054615,-39.51801669435357,351291220.7961017,48.66496273795401,16.327929172701516,64.58704379563525,-0.4003940800696152,116097.53425155615,76.27468980003496,9.627720024875204,41.29737382776557,0.002632439740514769,164619.75847014604,5217.988376919366,813.0283279061118,3828.4658014452416,9.034789905925647,1171271591.0489242,50.331152971300135,13.876071429536879,64.58704379563525,0.04020147926825306,341008.10878999357
2025-08-25T13:13:10.607478,68.80551316514088,5248.08241744296,51.0366318921614,False,False,False,0,0,0,74.71027539084095,11.80079923084896,34.28057165310559,1.3110827777019387,6283.711322021934,5446.472008365849,873.1261498688776,2692.9131209605357,-158.20912998646617,34385298.10313466,46.55514132912938,6.191426627970419,20.56421138338208,0.7945565580260272,1863.9204383155793,74.61612377001967,11.362877136250198,40.41142077248209,-0.056781999354496786,56195.82668997192,5414.711452868256,898.296238612649,3475.225031054615,3.047388313952494,351507032.84867287,48.835473916567814,16.32499854725653,64.58704379563525,0.5097241439512697,116150.18832377222,76.00728286002445,9.608303307102249,41.29737382776557,-0.09315729218163943,163553.7142518349,5245.536863843556,784.6161759273105,3722.7432983956855,18.209352934147955,1089653474.5405014,50.656807079910095,13.654079916428826,64.58704379563525,0.26314103548777734,329988.18099782075
2025-08-25T13:13:11.609932,81.76385921559861,5185.657692210072,58.52564232451297,False,False,False,0,0,0,77.31719277358864,9.851846762002907,29.354861201047555,1.1877579443913575,4876.800544094587,5282.020405856094,726.0313625584874,2349.9447023204384,5.323609009473694,24496185.884198327,48.09859893039056,7.090481396385926,24.61616819285384,1.0661895906182182,2263.1316140625904,74.99128663901378,11.408305123587953,40.41142077248209,0.48025260045185214,56797.49983614356,5415.678017007779,898.0245615026649,3475.225031054615,32.34317181976676,351266464.8088479,49.59483174159747,16.224608232741335,64.58704379563525,1.0368069007658884,114510.09760559777,76.13009800201712,9.6344048014548,41.29737382776557,-0.00021010452714757358,164343.0004068403,5262.705804690489,771.521665878808,3722.7432983956855,11.821547053903577,1054059247.9555099,51.044764955937055,13.53905949517185,64.58704379563525,0.09919872484144404,324736.9560128202
2025-08-25T13:13:12.611704,78.83470145091903,6223.46038454705,44.86794962715908,False,False,False,0,0,0,78.21203494151204,9.502086911637758,29.354861201047555,1.82143056107395,4326.67074762669,5391.124284099265,780.9528882992709,2349.9447023204384,41.376526306631604,30174793.222749066,47.799019251273386,7.164408925523634,24.61616819285384,-0.1836672865672469,2311.348027034049,75.37390064730964,11.33566248160186,40.41142077248209,0.2361768203162967,55925.38309667633,5482.614611905445,880.1319483747315,3475.225031054615,69.95022027383672,341372103.4380521,50.176382219118224,15.70683722522395,64.58704379563525,0.695764830536122,107439.090851177,76.08106860141199,9.612644196030956,41.29737382776557,0.04985292683099682,163577.03205188733,5291.824063283342,774.3049380784781,3722.7432983956855,20.6250829377325,1061498997.6277251,50.91633546915594,13.560840612208944,64.58704379563525,-0.3605608926109892,325995.42219134467
2025-08-25T13:13:13.613585,82.48429101564332,5775.722269182935,57.80756473901136,False,False,False,0,0,0,80.39842445905842,7.254043436088363,21.1697438760862,1.095001392751766,3372.6506019320705,5387.726998869485,779.0011676244017,2349.9447023204384,6.64356841464205,30117744.653388977,48.90931347589137,7.8074362211941875,24.61616819285384,1.8514328994029285,2825.7886308744046,75.73173045311674,11.386621658863112,40.41142077248209,0.06532377422140788,56568.56246988478,5537.640228333811,843.1502862387899,3475.225031054615,18.995154191685682,310111233.90011513,51.30346755338275,14.958676539839264,64.58704379563525,1.0070353813752857,97501.33019623985,76.19174802098838,9.648028350980267,41.29737382776557,0.029897048781697796,164759.5136415254,5304.98684429834,775.7287050027405,3722.7432983956855,9.697558056412754,1065106531.969601,50.77143482840916,13.437372743012759,64.58704379563525,-0.062392624827692346,319858.4774808838
2025-08-25T13:13:14.615886,75.73900371095033,4782.805588428054,44.66529531730795,False,False,False,0,0,0,80.8188971213409,6.79018438672018,21.1697438760862,-0.9434990250737627,2899.8536892764023,5295.07889920864,791.5019487649561,2349.9447023204384,61.53049789024944,29234096.78601405,49.44651943312396,7.236185151574218,24.61616819285384,-0.4439969704179504,2384.3858521907114,75.5722113171817,11.350626153066937,40.41142077248209,0.11572664195498608,56311.86244876159,5523.538159833668,852.3781333823305,3475.225031054615,20.65660793417995,316449132.0652479,51.87242728736793,14.337594459820238,64.58704379563525,0.8349247669627,89422.07078905412,76.10922361469187,9.63005578518613,41.29737382776557,-0.0890720658528115,164157.1935494614,5298.135791008837,778.5368309036388,3722.7432983956855,11.368290639488926,1072923189.2736834,50.49000437988641,13.38450108051578,64.58704379563525,-0.3686748373793847,317877.5040894347
2025-08-25T13:13:15.618125,69.21730259766522,3630.8639118996375,50.46570672211556,False,False,False,0,0,0,79.22322798493863,7.49168400535806,21.1697438760862,-1.860449317551634,2829.818259164078,5241.415229446047,888.6730960122453,2856.341386767887,-154.62865147682538,37499945.34992157,49.58256360318677,7.241842828124071,24.61616819285384,-0.40079787929256483,2399.1922496548195,75.4705479220272,11.394821024169758,40.41142077248209,-0.28899135063150966,56683.19328405213,5505.796711883567,886.5257068459879,3792.775091537151,-40.05037444607401,342897164.974382,52.90069910115754,12.987146758774333,64.58704379563525,1.17444733687389,73879.7028720291,75.9114565302843,9.64800027244762,41.29737382776557,-0.31235044609696794,164784.29650397113,5290.305053706185,793.0133429540911,3792.775091537151,-1.1671965523577608,1113101071.171549,50.218003065920485,13.21244681819941,64.58704379563525,-0.06307238616556947,309261.79137980245
2025-08-25T13:13:16.620186,66.15211181836565,4190.404738329746,39.825994705480895,False,False,False,0,0,0,77.05625958945703,7.853443354394277,23.823145222861427,-2.382314522286143,3848.892218216133,5142.740660612233,949.3146783278818,2856.341386767887,-229.68005603377787,41047931.279168986,48.11779452223074,7.614391829650838,24.61616819285384,-1.180558515504795,2885.2251069097993,75.07938354541902,11.509845791710518,40.41142077248209,-0.612293945442057,58133.938398773105,5484.3976983184975,910.7580954109973,3792.775091537151,-41.00526211225181,361132287.12993085,53.72048937081028,11.177548865182215,45.90985627987498,-0.007886864188276851,54374.82086435236,75.54801957119902,9.59708918169661,41.29737382776557,-0.10864531226787762,163131.2549959089,5298.46353759433,778.7746191518365,3792.775091537151,-9.647037586650429,1073628415.5287294,49.977602146144335,13.268942446027042,64.58704379563525,-0.4491506703158985,312352.2214224661
2025-08-25T13:13:17.622320,59.80647827285596,4505.283316830822,28.778196293836626,False,False,False,0,0,0,74.03938171261993,8.12901587429147,25.20139767734529,-1.277620165600299,3104.30695476428,4944.548462428563,837.7715449897015,2592.5964726474126,-126.06603922364438,36011769.61268652,45.83245616556151,9.610505389685194,29.747446030676347,-1.966390960853356,4156.491968401426,74.25556848179332,11.693762925135628,40.41142077248209,-0.8886057618094395,59509.00969968274,5453.8883888229475,928.1348455805079,3792.775091537151,-40.433683478576285,376169912.50849015,53.344342559567195,11.8241801155972,51.04113411769748,-0.9455208049317938,60825.65171194491,75.3336136998393,9.80392764434166,41.29737382776557,-0.43605171858751424,170128.63700136135,5294.06447631603,782.5510973439432,3792.775091537151,-12.002926310655296,1084240024.391835,49.34432150230103,13.360087018036147,64.58704379563525,-0.33940546922112885,315930.71424732823
2025-08-25T13:13:18.624370,52.66453479099916,5592.998321781575,39.04473740568564,False,False,False,0,0,0,72.04756719883395,10.592538999078386,32.34334115920209,-3.234334115920209,5700.110149415413,4927.253923699994,820.5388820461444,2592.5964726474126,145.5737725434489,34226085.21374619,44.89271931589307,9.784841595008134,29.747446030676347,0.5135263274026507,4358.901436268865,73.12889793725532,12.098173259724756,40.41142077248209,-1.1620240332666079,64506.25023720825,5449.7118721760635,927.1854424842428,3792.775091537151,27.05642156499662,375198456.8997257,52.74103979169704,12.082545511753523,51.04113411769748,-0.8018645634522557,63604.96992490892,74.77852958988751,10.12898096321388,41.29737382776557,-0.63523620301126,182210.21164137105,5300.190133421221,783.4429692183452,3792.775091537151,0.4129515825413061,1087072045.838742,49.17602505161072,13.42610969528091,64.58704379563525,-0.2275838284547902,319110.7607324321
2025-08-25T13:13:19.626777,54.565174353699405,4806.698825247103,33.63131618397994,False,False,False,0,0,0,69.00329703918376,10.825923571760766,29.81975622464416,-1.4240338811441475,5289.9397504693,4994.197746589995,774.9685178419555,2592.5964726474126,-44.13835921958571,29301894.555311877,44.864903521125136,9.819865997573439,29.747446030676347,-1.7405315708181461,4387.044697019502,72.03022855607873,12.241467925364994,40.41142077248209,-1.1734168232866258,65217.95038748684,5450.5583105232445,926.5655891334918,3792.775091537151,28.609495095497643,374658939.3296483,51.75872785418792,12.404894309426298,51.04113411769748,-1.3513051944165788,67055.62224592289,74.17497071292125,10.23776336174449,41.29737382776557,-0.42966534210788204,185517.5411287273,5287.498093394855,785.19368231882,3792.775091537151,-13.445933892221076,1093108521.2786305,48.858217536127505,13.566237997000142,64.58704379563525,-0.38430867991835327,325797.0665706692
2025-08-25T13:13:20.628845,54.99562204758958,5242.389177672972,49.04192132878596,False,False,False,0,0,0,67.62230792742864,11.69952573386293,29.81975622464416,-2.6768237168009037,6348.723868852324,4993.6284226129965,774.7633439305771,2592.5964726474126,5.673148546290031,29275455.68529864,44.6654324647876,9.70009893162143,29.747446030676347,-0.9483720995727012,4303.314898798482,70.8711599892551,12.149939750921606,40.41142077248209,-1.111391776300638,65128.063010555044,5493.69081736627,883.3376032644402,3792.775091537151,-12.463353433151617,343467919.1671949,50.921109497931546,11.665757891029653,51.04113411769748,-1.025913636091605,59247.302632911924,73.75247949904488,10.498557749093882,41.29737382776557,-0.5557657394755176,195381.7811426878,5281.313665376399,784.0433032276567,3792.775091537151,-9.577153724554742,1089267990.16648,48.73075227528925,13.527279801279859,64.58704379563525,-0.04401607594284715,323888.5544102735
2025-08-25T13:13:21.631008,52.2969354333127,5229.072424371079,50.529344930150174,False,False,False,0,0,0,64.67561554920005,11.450200052130326,30.187355582330625,-2.653776601760633,5949.976701673591,4997.969895829097,776.0794851596796,2592.5964726474126,-99.43879601759708,29275869.60836164,43.865802725351315,8.709593997381958,29.029368445174736,0.5661395302991096,3420.65848799725,69.66981199247856,12.145165167732234,40.41142077248209,-0.9879742434104467,64187.063977098886,5480.783572156389,884.3128795193353,3792.775091537151,-16.504347403206157,345394001.6418222,49.94477664855208,10.310785850035318,45.07330898867397,-0.3381395452641236,46435.43875582259,73.1517356493314,10.679307171043815,41.29737382776557,-0.48903601763286225,201934.3703059306,5271.514565763479,780.902329240424,3792.775091537151,11.555992392811655,1081653853.1329005,48.71152659270248,13.523832256728008,64.58704379563525,0.12918874684000686,323725.8097442213
2025-08-25T13:13:22.632732,55.20785480331888,3953.750697059755,56.67054145110512,False,False,False,0,0,0,62.312930884440014,10.61078970159001,30.187355582330625,-2.727643621232444,5159.129016439101,4770.998927080368,706.643309060863,2144.858357283297,-182.19715721231796,22487681.08500736,45.04606190774592,9.613301932674293,29.029368445174736,-0.11370232879062385,4190.992383981819,68.77886839473499,12.194568465806118,40.41142077248209,-0.43158197038731266,65246.12847096333,5421.768500509472,925.619306114499,3792.775091537151,-59.3830431822443,373762159.170034,49.811343653986455,10.192377891915124,45.07330898867397,-0.37669768168488627,45309.4371897911,72.71121495453197,10.866768308181793,41.29737382776557,-0.2173252123430037,209119.80097589514,5261.815196034435,793.7056540251185,3792.775091537151,-22.050805325031842,1116260536.0006986,48.943068614891736,13.53944082386165,64.58704379563525,0.0004321227880049368,324606.0105280204
2025-08-25T13:13:23.634177,48.24549836232322,4421.225487941829,66.66937901577359,False,False,False,0,0,0,58.88905161910801,8.737398028705396,27.49350534862711,-2.749350534862711,3648.14738466175,4635.5492489562575,616.7575795765553,1962.1344098819377,-36.15801004862251,17801065.686464142,45.93224333542215,11.198208584179765,37.89118272193696,2.2004083698465635,5643.335083541868,68.11520787631449,12.758411164914076,41.72975867890386,-0.9121073792711186,70899.24841248419,5377.96795035663,941.2322799484941,3792.775091537151,-65.178130227571,389223771.10247165,49.76794055779052,10.114855972658678,45.07330898867397,0.05631162282057953,44645.62620396815,72.3778504681724,11.304034075315291,42.61571173418734,-0.5021276486401026,226187.34764947134,5247.5556372241035,801.0831405896403,3792.775091537151,-6.665563727522279,1138785787.35134,49.110148030424206,13.697026992461502,64.58704379563525,0.28030248595160356,332087.9990503856
2025-08-25T13:13:24.635633,58.971848853626256,5274.9578415592805,75.1685653110415,False,False,False,0,0,0,57.21233613337561,6.455414097156817,20.971804235342006,-1.0245453744038968,1882.7087541447595,4684.76447426938,648.6264754969114,1962.1344098819377,164.4093929659643,20312286.937453683,48.982570334795504,14.486435405438936,46.390369017204875,2.470285858892594,9883.94289662988,67.56064551342014,12.783012326260737,41.72975867890386,-0.8584751654897824,71535.69906853512,5341.2475652496405,922.2271127445637,3792.775091537151,-64.97469115929968,371368273.92581475,50.10755839045336,10.791636102821498,46.390369017204875,0.9694181359744055,51023.26364781506,72.05449532772066,11.406654063753564,42.61571173418734,-0.5314893540480717,230395.652666184,5255.118946056873,799.1290017616914,3792.775091537151,14.134105390734415,1134449849.5163765,49.53210362129695,14.104160628571,64.58704379563525,0.2512117401661224,352606.3162010552
2025-08-25T13:13:25.637690,67.08029419753838,4398.670489091496,69.71799571772905,False,False,False,0,0,0,56.998635293362916,6.0355616193531025,18.83479583521516,0.09281823791727248,1657.2457358103027,4761.545131988566,547.5843335793332,1639.24762472182,20.82657507617505,13892403.116545066,50.90779923435685,15.91436948838076,46.390369017204875,2.989200101224816,11451.367847243202,66.9724518593941,12.365072256292931,41.72975867890386,-0.2809326158428476,66587.43998211701,5247.063295674749,865.8543580691429,3792.775091537151,-100.83228381150975,336239707.4552799,50.89529087331734,11.336702221648805,46.390369017204875,0.628592695182084,55912.09333607981,71.65814672940446,11.152424896068338,41.72975867890386,-0.3070425478336501,220194.49150144236,5254.648262239812,799.6332384826301,3792.775091537151,-26.80612622648591,1135958161.4968019,49.692472534907864,14.27991813566182,64.58704379563525,0.39584821811628573,361176.86478970875
2025-08-25T13:13:26.640234,82.35620593827686,5342.569342364048,57.80259700241034,False,False,False,0,0,0,58.61904470535404,9.779883130649164,34.11070757595364,2.25497276654209,4550.532558705554,4876.761592391996,535.1299818972799,1639.24762472182,83.72860255332262,14978858.985711748,52.705459464049795,15.534264734401681,46.390369017204875,2.902440070857371,11262.442642155316,67.20071630157585,12.589256309182755,41.72975867890386,0.6133471689100067,68958.84393051917,5177.694306972324,762.6787457593583,3199.309805407984,1.9974013319431834,255952463.00082588,51.12670361132214,11.406602432564341,46.390369017204875,-0.18998511337254106,56650.84237129427,71.60570271058312,11.093459673067812,41.72975867890386,-0.009929783483555117,217846.86144668114,5243.573783567867,793.6150574891659,3792.775091537151,-4.944288358540144,1117282320.8030388,49.8897307744355,14.309300486807311,64.58704379563525,0.24709375268140002,362995.9593074209
2025-08-25T13:13:27.641591,84.6493441567938,5212.498539654834,67.16181790168723,False,False,False,0,0,0,61.103331293747814,12.80305831069743,36.403845794470584,3.1984809365794638,7379.811510900986,4947.483114674397,527.2554440088272,1639.24762472182,-38.04997821267416,13405714.254177341,56.543821624834855,13.584969485237982,41.537249127061564,2.811708049600159,8354.627899957979,67.8905014111031,12.966592121600495,41.72975867890386,0.8193430182370048,73484.6562116666,5175.356014880626,762.4533763659654,3199.309805407984,-8.101819067639765,255974990.73626265,51.248692527925506,11.562026968078381,46.390369017204875,-0.22298957936077907,58172.85425408875,71.63399189740817,11.125003345584846,41.72975867890386,0.2430491515615117,219077.5300992621,5236.461648497507,791.9195328701652,3792.775091537151,4.6839981490219085,1113567781.5426388,50.29281154210484,14.451203138132026,64.58704379563525,0.28296562687698007,369690.05285708845
2025-08-25T13:13:28.643683,91.65454090975564,5488.048977758383,64.41327253118106,False,False,False,0,0,0,65.00233190562346,15.582774620417126,43.40904254743242,3.7089366556056236,11587.64749674876,4936.988180272078,513.8530769670487,1534.2982806986283,68.13501525112807,12642847.446324533,59.080675137384404,12.257952588017606,41.537249127061564,3.0781956347201125,6879.963633862713,68.94335098777216,13.577545594614246,43.40904254743242,1.2235401127659027,80205.8732781533,5176.439210416439,762.8881298072455,3199.309805407984,-10.031273347347845,256344826.20059052,50.934084769547844,11.042524763934228,46.390369017204875,0.2239072944474548,53046.74602513758,71.99379432818573,11.418668792433541,43.40904254743242,0.28013440609305795,231135.30216000817,5245.738153948255,791.5460348114871,3792.775091537151,-14.706201295684666,1114156035.5005023,50.52996807947339,14.565689901077667,64.58704379563525,0.4680759388138861,375810.85626622627
2025-08-25T13:13:29.646006,89.95817863682895,5654.534284430868,51.08929077182674,False,False,False,0,0,0,68.54163233393642,16.911532347042606,43.40904254743242,3.496255658923937,12870.453482251989,5021.7717261904545,558.0142831059502,1700.7835873711128,41.214510675789555,14086485.26444434,60.82647259616908,9.055574588301626,26.126643982255544,0.2047369443040779,3692.2987776015775,70.11034569144051,13.835298268329385,43.40904254743242,1.346478078936132,83708.82248506427,5171.957447291507,759.5531345148551,3199.309805407984,-4.261891343143513,254484065.3412591,50.71385933868349,10.96865145831521,46.390369017204875,0.036735106113218306,52342.56332948613,72.24565602973001,11.647032844846734,43.40904254743242,0.25109408426514057,240171.73280295375,5233.806707763778,779.6111967860256,3792.775091537151,1.6206590930207312,1083524370.233783,50.775977655631365,14.445928439147895,64.58704379563525,0.2926531571697202,369415.1951361928
2025-08-25T13:13:30.647817,85.77072504578025,6855.273999101608,53.46250354027872,False,False,False,0,0,0,71.6191426337555,16.97264426941904,43.40904254743242,3.3473789612467555,13466.60520051896,5183.060208333319,806.5935394887189,2901.5233020418527,162.62015747305287,31273891.452743027,61.26853081731836,8.507703157154568,24.63922038089133,0.2933158610128544,3259.9060165446836,71.31724198400836,13.557590238618214,43.40904254743242,1.002534655255292,79977.31485233098,5207.720213104054,812.6852925900143,3224.4100872019703,0.8366760597995381,294246020.5249778,50.82970153707844,10.97905939840455,46.390369017204875,0.3457145742792529,52461.10323351688,72.42695922081099,11.772920919433986,43.40904254743242,0.3007658589855983,245573.65764933798,5255.439695434645,806.291531290151,3792.775091537151,15.84946136511453,1164363161.583764,51.108184358941955,14.270736653594199,64.58704379563525,0.08985721001880419,360893.98445804586
2025-08-25T13:13:31.650524,87.33950753204617,5179.991799371125,65.3237524781951,False,False,False,0,0,0,75.12339984362885,16.136982634706108,43.40904254743242,3.213165272872729,11723.582888911204,5178.152145833322,806.4317593116448,2901.5233020418527,122.624110231137,31361445.427367873,62.74797157212284,7.678660016364586,24.079274539214765,0.8653211027089981,2730.7178606732814,72.37206938880584,13.53120051298148,43.40904254743242,0.5817742586787044,79963.31213275008,5152.714149172839,752.7170929492459,3224.4100872019703,1.5856732418596644,260923245.01588252,51.57079107595491,11.187072649258019,46.390369017204875,0.5820002019954771,54552.68130176882,72.75387145456769,11.911651895339642,43.40904254743242,0.3255361012899189,251144.40085834553,5243.367786804251,801.821830307368,3792.775091537151,7.539622955580156,1155691127.271783,51.39572905125937,14.381885355037824,64.58704379563525,0.31290004701316304,366175.82702763303
2025-08-25T13:13:32.652625,72.53765527243232,5218.994259559788,69.72662673473657,False,False,False,0,0,0,76.85637989054018,14.619791833448044,43.40904254743242,2.42921569101091,9716.478405049811,5304.676502083325,682.757048467488,2456.6035100101117,79.7768771617959,26464805.543516234,64.05358010048599,7.640365840075404,24.079274539214765,0.3057247718962984,2627.0704193751126,72.46044857216408,13.523060986145795,43.40904254743242,0.39724198107509306,79804.20375849298,5155.599904420987,752.8025586407836,3224.4100872019703,-19.690028730698213,261448522.58848783,52.29955375316843,11.640189855836446,46.390369017204875,0.7674001413968341,58963.59830100158,72.83271001819737,11.893998815040987,43.40904254743242,0.12287527090294313,250424.47389361332,5251.557450762975,798.9690911238554,3792.775091537151,0.42773606890611215,1150654642.52852,51.78201033588156,14.559675247418477,64.58704379563525,0.5690300329092142,375829.05026011856
2025-08-25T13:13:33.655695,84.97635869070263,6499.3959816918505,61.7086387143156,False,False,False,0,0,0,80.52946592337813,10.729402609068204,32.68269205612938,2.600450983707637,5438.337149677608,5512.4935514583285,700.0320917681335,2456.6035100101117,122.443814013257,22814329.715898328,63.55750607034018,7.61265148170556,24.079274539214765,-1.3459926596725906,2623.3847956426157,73.27231400051485,13.518836880954945,43.40904254743242,0.4480693867525654,80600.47755733436,5178.5899330946895,783.377527745938,3224.4100872019703,26.33697988851121,278349044.6213677,52.7996876272179,11.713608625273915,46.390369017204875,0.747180098977784,59718.714279066415,73.16289701273816,11.952377546534944,43.40904254743242,0.28601268963206034,252937.80378589468,5273.325215534083,814.9870056682594,3792.775091537151,26.85941524823426,1188847699.8844173,52.217407235117086,14.457347764187764,64.58704379563525,0.13332102303645002,369996.9513457173
2025-08-25T13:13:34.657964,89.18345108349183,5172.677187184296,54.89604710002091,False,False,False,0,0,0,83.55062614636469,7.8525808752647634,24.57424671221726,2.210315688595345,2802.9529014949617,5502.2654860208295,704.6204794286743,2456.6035100101117,77.40066980927995,22983298.077468716,61.53025424923813,6.836818936863187,18.63733596290983,-1.4821948617708145,2211.445788520368,73.86061980036038,13.821235494630095,43.40904254743242,0.1336485707267959,83524.68489954772,5160.702953166283,776.9420135686681,3224.4100872019703,33.505885921957876,271562924.6649655,53.319781339052525,11.436339148213731,46.390369017204875,0.19302606928444846,56921.58756927561,73.51902790891671,12.107677349810563,43.40904254743242,0.23020888274244225,259514.93122863313,5278.072650873858,813.5317162094331,3792.775091537151,15.736590673763992,1186157379.0215678,52.23718506458196,14.460234792563872,64.58704379563525,-0.17167528387448502,370156.1147813418
2025-08-25T13:13:35.659600,93.02841575844428,4318.374031029007,66.62723297001463,False,False,False,0,0,0,86.14543830245528,5.832794239808847,20.490760486011965,1.0672209820167424,1701.1539686644278,5494.235840214581,718.9067694237873,2536.899968072601,-102.4195311335041,23992616.921637025,61.2211779744667,6.486427186980491,18.63733596290983,0.8824635967604294,1960.710598006613,74.12243386025226,14.11422067945279,44.782917396121064,0.1735539995087573,87345.70131815573,5165.732067216398,770.755031502532,3224.4100872019703,-28.62587985462948,266769541.10319087,53.903846937336766,11.65894341149733,46.390369017204875,0.405118248499114,59180.353553927205,73.8133195362417,12.365305112383771,44.782917396121064,0.22114621791970965,270672.05671923544,5279.570855611701,811.6466109332396,3792.775091537151,-21.404386528365194,1180251188.4886777,52.26102954520737,14.483128047541753,64.58704379563525,-0.13517269871213955,371315.3689988718
2025-08-25T13:13:36.661358,89.71989103091099,4629.361821720305,68.83906307901024,False,False,False,0,0,0,86.88180681171869,5.765697822075779,20.490760486011965,0.5070546874117184,1557.3918263222101,5422.915088150206,769.2406307995518,2536.899968072601,-58.31367179345288,26752682.563946877,62.32482458212668,6.772729288399686,18.63733596290983,0.1677245177323016,2064.3080811263576,74.18570370217658,14.1818407411862,44.782917396121064,-0.008512200343869836,88109.37291552749,5147.472447051478,776.9390977878725,3224.4100872019703,-61.928115898240655,268844140.4435372,54.38269285613573,11.973901282081222,46.390369017204875,0.57358277394938,62377.18680125981,73.97932367536919,12.512469899462332,44.782917396121064,0.3198023525437966,277115.3846050252,5263.34959892819,814.8001231602154,3792.775091537151,-11.213070569855624,1184611348.1282284,52.16272068164516,14.34735799957757,64.58704379563525,0.21537911090150233,364352.7313773644
2025-08-25T13:13:37.663287,72.40392372163768,4379.053275204213,66.78734415530717,False,False,False,0,0,0,85.65726476820308,7.369755155592573,20.6244920368066,-1.9250617188117958,2444.7707570526773,5339.570561705144,836.758931992211,2536.899968072601,-110.89957025541707,32395901.624622475,62.28737720748868,6.743987541460708,18.63733596290983,0.23740716241261026,2046.6813081790524,73.5999925915236,13.86658924020531,44.782917396121064,-0.00595854024070898,83798.50929781431,5077.2007129360345,746.320558380198,3224.4100872019703,-46.229681128768426,258239204.63498756,54.88788499929501,12.171908335875777,46.390369017204875,0.611507941764566,64506.21028608106,74.01052657275842,12.50605953385258,44.782917396121064,-0.0011383532193425102,276830.8760340065,5247.964719249733,822.731378543099,3792.775091537151,-11.599149398898954,1212051312.9564073,52.343904477151604,14.463732955335194,64.58704379563525,0.13076537763105164,370315.2864305012
